"","Sci_A","Sci_B","Com_A","Com_B","Scientific_Name","Commun_Name"
"1","Cancer","anthonyi","Cangrejo","amarillo","Cancer anthonyi","Cangrejo amarillo"
"2","Cancer","antennarius","Cangrejo","de rocamoteado","Cancer antennarius","Cangrejo de rocamoteado"
"3","Cancer","productus","Cangrejo","rojo de roca","Cancer productus","Cangrejo rojo de roca"
"4","Cancer","gracilis","Cangrejo","purpura","Cancer gracilis","Cangrejo purpura"
"5","Cancer","johngarthi","Pacifico","mexicano del pacifico","Cancer johngarthi","Pacifico mexicano del pacifico"
"6","Astraea","undosa","Caracol","panocha","Astraea undosa","Caracol panocha"
"7","Astraea","turbanica","a","a","Astraea turbanica","a a"
"8","Hexaplex","erithrostomus","Catracol","chino rosa","Hexaplex erithrostomus","Catracol chino rosa"
"9","Muricantus","nigritus","Caracol","chino negro","Muricantus nigritus","Caracol chino negro"
"10","Strongylocentrotus","franciscanus","Erizo","rojo","Strongylocentrotus franciscanus","Erizo rojo"
"11","Strongylocentrotus","purpuratus","Erizo","morado","Strongylocentrotus purpuratus","Erizo morado"
"12","Pisaster","ochraceus","Estrella","ocre","Pisaster ochraceus","Estrella ocre"
"13","Pisaster","giganteus","Estrella","de azucar","Pisaster giganteus","Estrella de azucar"
"14","Pisaster","brevispinus","Estrella","rosada","Pisaster brevispinus","Estrella rosada"
"15","Callinectes","bellicosus","Jaiba","verde","Callinectes bellicosus","Jaiba verde"
"16","Callinectes","arcuatus","Jaiba","azul","Callinectes arcuatus","Jaiba azul"
"17","Callinectes","toxotes","Jaiba","negra;gigante","Callinectes toxotes","Jaiba negra;gigante"
"18","redondas","Urobatis","Mantas","rayas","redondas Urobatis","Mantas rayas"
"19","Sphoeroides","annulatus","Botete","diana","Sphoeroides annulatus","Botete diana"
"20","Calamus","brachysomus","Mojarra",NA,"Calamus brachysomus","Mojarra NA"
"21","Scorpaena","mystes","Pez","escorpion","Scorpaena mystes","Pez escorpion"
"22","Hippocampus","ingens","Hipocampo","Caballito de mar","Hippocampus ingens","Hipocampo Caballito de mar"
"23","Paralabrax","maculatofasciatus","Cabrilla","de roca","Paralabrax maculatofasciatus","Cabrilla de roca"
"24","Phyllonotus","erhythostoma","Caracol","chino rosa","Phyllonotus erhythostoma","Caracol chino rosa"
"25","Octopus","spp","Pulpo","pulpo","Octopus spp","Pulpo pulpo"
"26","Macrobrachium","americanum","Cauque;crecedor",NA,"Macrobrachium americanum","Cauque;crecedor NA"
"27","Macrobrachium","tenellum","Algo","Algo","Macrobrachium tenellum","Algo Algo"
"28","Macrobrachium","acantochirus","pinto",NA,"Macrobrachium acantochirus","pinto NA"
"29","Macrobrachium","occidentale","zurdo",NA,"Macrobrachium occidentale","zurdo NA"
"30","Macrobrachium","michoacanus","chano",NA,"Macrobrachium michoacanus","chano NA"
"31","Atyia","sp","Burrita","espinuda","Atyia sp","Burrita espinuda"
"32","Gelidium","robustum","Sargazo","rojo","Gelidium robustum","Sargazo rojo"
"33","Chondracanthus","canaliculatus","Pelo","de cochi","Chondracanthus canaliculatus","Pelo de cochi"
"34","Gracilariopsis","lemaneiformis","Fideo","de mar","Gracilariopsis lemaneiformis","Fideo de mar"
"35","Macrocystis","pyrifera","Sargazo","Gigante","Macrocystis pyrifera","Sargazo Gigante"
"36","Makaira","nigricans","Marlin","Azul del Atlantico","Makaira nigricans","Marlin Azul del Atlantico"
"37","Makaira","mazara","Marlin","Azul del Pazcifico","Makaira mazara","Marlin Azul del Pazcifico"
"38","Makaira","indica","Marlin","Negro","Makaira indica","Marlin Negro"
"39","Tetrapturus","audax","Marlin","Rayado","Tetrapturus audax","Marlin Rayado"
"40","Tetrapturus","albidus","Marlin","Blanco","Tetrapturus albidus","Marlin Blanco"
"41","Tetrapturus","angustirostris","Aguja","Corta","Tetrapturus angustirostris","Aguja Corta"
"42","Mytilus","californianus","Mejillon","o Choro","Mytilus californianus","Mejillon o Choro"
"43","Mytilus","galloprovinsialis","Mejillon",NA,"Mytilus galloprovinsialis","Mejillon NA"
"44","Cirujano","aleta;amarilla;barbero","Acanthurus","xanthopterus","Cirujano aleta;amarilla;barbero","Acanthurus xanthopterus"
"45","Prionurus","punctatus","Cochinito","punteado;puerco","Prionurus punctatus","Cochinito punteado;puerco"
"46","Albula","nemoptera","Macabi","de hebra","Albula nemoptera","Macabi de hebra"
"47","Ariopsis","dasycephalus","Bagre;barrigon;chihuil",NA,"Ariopsis dasycephalus","Bagre;barrigon;chihuil NA"
"48","Ariopsis","guatemalensis","Bagre","cuatete;chihuil","Ariopsis guatemalensis","Bagre cuatete;chihuil"
"49","Ariopsis","kessleri","Bagre","esculpido","Ariopsis kessleri","Bagre esculpido"
"50","Notarius","planiceps","Bagre;chihuil","cabeza","Notarius planiceps","Bagre;chihuil cabeza"
"51","Sciades","platypogon","Bagre;chihuil","cominate","Sciades platypogon","Bagre;chihuil cominate"
"52","Sciades","seemani","Bagre;chuihuil","tete","Sciades seemani","Bagre;chuihuil tete"
"53","Bagre","panamensis","Bagre","chihuil;tacazonte","Bagre panamensis","Bagre chihuil;tacazonte"
"54","Bagre","pinnimaculatus","Bagre","barbon,condor","Bagre pinnimaculatus","Bagre barbon,condor"
"55","Galeichthys","peruvianus","Bagre;chihuil","de","Galeichthys peruvianus","Bagre;chihuil de"
"56","Pseudobalistes","naufragium","Bota","negra","Pseudobalistes naufragium","Bota negra"
"57","Balistes","polylepis","Cochi;bota;pejepuerco","Huachinango","Balistes polylepis","Cochi;bota;pejepuerco Huachinango"
"58","Pseudobalistes","naufragium","Cochito","bota;bota","Pseudobalistes naufragium","Cochito bota;bota"
"59","Sufflamen","verres","Cochi","naranja;bota;pejepuerco","Sufflamen verres","Cochi naranja;bota;pejepuerco"
"60","Strongylura","exilis","Agujon","californiano;aguja","Strongylura exilis","Agujon californiano;aguja"
"61","Tylosurus","pacificus","Agujon",NA,"Tylosurus pacificus","Agujon NA"
"62","Bothus","constellatus","Lenguado","con Estrella","Bothus constellatus","Lenguado con Estrella"
"63","Carangoides","caballus","Cocinero;chile;verde;jurel bonito",NA,"Carangoides caballus","Cocinero;chile;verde;jurel bonito NA"
"64","Carangoides","otrynter","Jurel","de hebra;cocinero","Carangoides otrynter","Jurel de hebra;cocinero"
"65","Carangoides","vinctus","Jurel",NA,"Carangoides vinctus","Jurel NA"
"66","Caranx","caninus","Jurel","toro","Caranx caninus","Jurel toro"
"67","Caranx","sexfasciatus","Jurel","voraz;ojo de perra","Caranx sexfasciatus","Jurel voraz;ojo de perra"
"68","Chloroscombrus","orqueta","Jurel","de castilla;casabe","Chloroscombrus orqueta","Jurel de castilla;casabe"
"69","Decapterus","muroadsi","Macarela;jurel","mexicano;platano","Decapterus muroadsi","Macarela;jurel mexicano;platano"
"70","Elagatis","bipinnulata","Macarela","salmon;macarela de altura","Elagatis bipinnulata","Macarela salmon;macarela de altura"
"71","Gnathonodon","speciosus","Choncho","rayado","Gnathonodon speciosus","Choncho rayado"
"72","Hemicaranx","zelotes","Chocho;jurel","chumbo","Hemicaranx zelotes","Chocho;jurel chumbo"
"73","Oligoplites","altus","Pina","bocona;cuchillo;chaqueta de cuero","Oligoplites altus","Pina bocona;cuchillo;chaqueta de cuero"
"74","Oligoplites","refulgens","Sardina","pina","Oligoplites refulgens","Sardina pina"
"75","Oligoplites","saurus","Pina","delgada","Oligoplites saurus","Pina delgada"
"76","Selar","crumenophthalmus","Chicharo","ojoton","Selar crumenophthalmus","Chicharo ojoton"
"77","Selene","brevoortii","Jorobado","mexicano;toston","Selene brevoortii","Jorobado mexicano;toston"
"78","Selene","oerstedii","Jorobado","carite;chancla","Selene oerstedii","Jorobado carite;chancla"
"79","Selene","peruviana","Jorobado","espejo;papelillo;caballo","Selene peruviana","Jorobado espejo;papelillo;caballo"
"80","Seriola","lalandi","Medregal","cola amarilla","Seriola lalandi","Medregal cola amarilla"
"81","Seriola","peruana","Medregal","fortuno;piriri","Seriola peruana","Medregal fortuno;piriri"
"82","Seriola","rivoliana","Medregal","limon;pez","Seriola rivoliana","Medregal limon;pez"
"83","Trachinotus","paitensis","Pampano","paloma","Trachinotus paitensis","Pampano paloma"
"84","Trachinotus","rhodopus","Pampano","fino;pampano","Trachinotus rhodopus","Pampano fino;pampano"
"85","Trachurus","symmetricus","Charrito","Sierras","Trachurus symmetricus","Charrito Sierras"
"86","Carcharhinus","falciformis","Tiburon","Lenguados","Carcharhinus falciformis","Tiburon Lenguados"
"87","Rhizoprionodon","longurio","Cazon","bironche","Rhizoprionodon longurio","Cazon bironche"
"88","Centropomus","armatus","Robalo","espina larga","Centropomus armatus","Robalo espina larga"
"89","Centropomus","medius","Robalo","aleta orieta","Centropomus medius","Robalo aleta orieta"
"90","Centropomus","nigrescens","Robaloprieto;robalo","piedra","Centropomus nigrescens","Robaloprieto;robalo piedra"
"91","Centropomus","robalito","Robalo","aleta amarilla","Centropomus robalito","Robalo aleta amarilla"
"92","Centropomus","unionensis","Robalo","serrano","Centropomus unionensis","Robalo serrano"
"93","Centropomus","viridis","Robalo","plateado;robalo garabato","Centropomus viridis","Robalo plateado;robalo garabato"
"94","Harengula","thrissina","Sardinita","plumilla","Harengula thrissina","Sardinita plumilla"
"95","Lile","gracilis","Sardinita","agua dulce","Lile gracilis","Sardinita agua dulce"
"96","Lile","stolifera","Sardinita","banda plateada","Lile stolifera","Sardinita banda plateada"
"97","Opisthonema","bulleri","Sardina","crinuda azul","Opisthonema bulleri","Sardina crinuda azul"
"98","Opisthonema","libertate","Sardina","crinuda","Opisthonema libertate","Sardina crinuda"
"99","Opisthonema","medirastre","Sardina","crinuda machete","Opisthonema medirastre","Sardina crinuda machete"
"100","Pliosteostema","lutipinnis","Sardina,arenquilla","aleta amarilla","Pliosteostema lutipinnis","Sardina,arenquilla aleta amarilla"
"101","Sardinops","caerulaeus","Sardina","del noroeste","Sardinops caerulaeus","Sardina del noroeste"
"102","Coryphaena","equiselis","Dorado","enano","Coryphaena equiselis","Dorado enano"
"103","Coryphaena","hippurus","Dorado","Sierras","Coryphaena hippurus","Dorado Sierras"
"104","Chanos","chanos","Sabalote","Lisas","Chanos chanos","Sabalote Lisas"
"105","Dasyatis","dipterura","Raya","latigo comun","Dasyatis dipterura","Raya latigo comun"
"106","Dasyatis","longus","Mantarraya","Rayas","Dasyatis longus","Mantarraya Rayas"
"107","Himantura","pacifica","Raya","coluda del Pacifico","Himantura pacifica","Raya coluda del Pacifico"
"108","Diodon","holocanthus","Pez","erizo mapache","Diodon holocanthus","Pez erizo mapache"
"109","Diodon","hystrix","Pez","erizo pecoso","Diodon hystrix","Pez erizo pecoso"
"110","Dormitator","latifrons","Popoyote;puyeki;dormilon",NA,"Dormitator latifrons","Popoyote;puyeki;dormilon NA"
"111","Gobiomorus","maculatus","Guavina","manchada","Gobiomorus maculatus","Guavina manchada"
"112","Elops","affinis","Machete","del Pacifico","Elops affinis","Machete del Pacifico"
"113","Rhacochilus","toxotes","Mojarra","labios de hule","Rhacochilus toxotes","Mojarra labios de hule"
"114","Anchoa","ischana","Anchoveta;anchoa","chicotera chicotera","Anchoa ischana","Anchoveta;anchoa chicotera chicotera"
"115","Anchovia","macrolepidota","Anchoveta",NA,"Anchovia macrolepidota","Anchoveta NA"
"116","Cetengraulis","mysticetus","Sardina","bocona;boqueron","Cetengraulis mysticetus","Sardina bocona;boqueron"
"117","Engraulis","mordax","Anchoveta","Sardina","Engraulis mordax","Anchoveta Sardina"
"118","Chaetodipterus","zonatus","Zopilote;peluquero;chavelito;chambo;zapatero","Huachinango","Chaetodipterus zonatus","Zopilote;peluquero;chavelito;chambo;zapatero Huachinango"
"119","Parapsettus","panamensis","Mona","Sierras","Parapsettus panamensis","Mona Sierras"
"120","Fistularia","commersonii","Trompeta;corneta","pintada","Fistularia commersonii","Trompeta;corneta pintada"
"121","Diapterus","aureolus","Mojarra","palometa","Diapterus aureolus","Mojarra palometa"
"122","Diapterus","brevirostris","Mojarra","aletas amarilla;mojarra","Diapterus brevirostris","Mojarra aletas amarilla;mojarra"
"123","Eucinostomus","currani","Mojarra","tricolor","Eucinostomus currani","Mojarra tricolor"
"124","Eucinostomus","dowii","Mojarra","cantilena;mojarra blanca","Eucinostomus dowii","Mojarra cantilena;mojarra blanca"
"125","Eucinostomus","entomelas","Mojarra","mancha negra","Eucinostomus entomelas","Mojarra mancha negra"
"126","Eucinostomus","gracilis","Mojarra","charrita","Eucinostomus gracilis","Mojarra charrita"
"127","Eugerres","axillaris","Mojarra","malacapa","Eugerres axillaris","Mojarra malacapa"
"128","Eugerres","brevimanus","Mojarra","aleta corta","Eugerres brevimanus","Mojarra aleta corta"
"129","Gerres","cinereus","Mojarra","bandera;mojarra rayada","Gerres cinereus","Mojarra bandera;mojarra rayada"
"130","Gymnura","crebripunctata","Raya","mariposa;raya aletilla","Gymnura crebripunctata","Raya mariposa;raya aletilla"
"131","Gymnura","marmorata","Raya","mariposa californiana","Gymnura marmorata","Raya mariposa californiana"
"132","Anisotremus","interruptus","Burro","bacoco;mojarra chopa","Anisotremus interruptus","Burro bacoco;mojarra chopa"
"133","Anisotremus","taeniatus","Burro","bandera","Anisotremus taeniatus","Burro bandera"
"134","Haemulon","flaviguttatum","Ronco","chano;burro manchas amarillas","Haemulon flaviguttatum","Ronco chano;burro manchas amarillas"
"135","Haemulon","maculicauda","Burro","rasposo","Haemulon maculicauda","Burro rasposo"
"136","Haemulon","scudderii","mojarra","amarilla","Haemulon scudderii","mojarra amarilla"
"137","Haemulon","sexfasciatum","Burro","almejero;guzga,mojarra","Haemulon sexfasciatum","Burro almejero;guzga,mojarra"
"138","Haemulopsis","leuciscus","Ronco","roncacho","Haemulopsis leuciscus","Ronco roncacho"
"139","Microleidotus","brevipinna","Sarangola","Sierras","Microleidotus brevipinna","Sarangola Sierras"
"140","Microlepidotus","inornatus","Ronco","rayadillo","Microlepidotus inornatus","Ronco rayadillo"
"141","Orthopristis","chalceus","Burrito","corcovado","Orthopristis chalceus","Burrito corcovado"
"142","Orthopristis","reddingi","Burrito;ronco","rayado,mojarra hedionda","Orthopristis reddingi","Burrito;ronco rayado,mojarra hedionda"
"143","Haemulopsis","leuciscus","Burro","rayadito","Haemulopsis leuciscus","Burro rayadito"
"144","Pomadasys","macracanthus","Burro","bandeado","Pomadasys macracanthus","Burro bandeado"
"145","Pomadasys","panamensis","Ronco","mapache;burro","Pomadasys panamensis","Ronco mapache;burro"
"146","Xenichthys","xanti","Chula;jiguagua;salmonete","Huachinango","Xenichthys xanti","Chula;jiguagua;salmonete Huachinango"
"147","Hyporhamphus","gilli","Pajarito","choelo","Hyporhamphus gilli","Pajarito choelo"
"148","Hyporhamphus","nao","Pajarito","blanco","Hyporhamphus nao","Pajarito blanco"
"149","Hyporhamphus","rosae","Pajarito","californiano","Hyporhamphus rosae","Pajarito californiano"
"150","Hyporhamphus","snyderi","Pajarito","choca","Hyporhamphus snyderi","Pajarito choca"
"151","Ophiodon","elongatus","Lingcod","Baquetas","Ophiodon elongatus","Lingcod Baquetas"
"152","Kathetostoma","averruncus","Miracielo","buldog;aguado","Kathetostoma averruncus","Miracielo buldog;aguado"
"153","Girella","nigricans","Chopa","negra","Girella nigricans","Chopa negra"
"154","Hermosilla","azurea","Chopa","bonita","Hermosilla azurea","Chopa bonita"
"155","Kyphosus","analogus","Chopa","rayada","Kyphosus analogus","Chopa rayada"
"156","Kyphosus","elegans","Chopa","de Cortes","Kyphosus elegans","Chopa de Cortes"
"157","Medialuna","californiensis","Chopa","medialuna","Medialuna californiensis","Chopa medialuna"
"158","Sectator","ocyurus","Chopa","salema;zulema","Sectator ocyurus","Chopa salema;zulema"
"159","Bodianus","diplotaenia","Vieja","mexicana","Bodianus diplotaenia","Vieja mexicana"
"160","Caulolatilus","hubbsi","Blanquillo","Pierna","Caulolatilus hubbsi","Blanquillo Pierna"
"161","Caulolatilus","princeps","Pierna;blanquillo","Pierna","Caulolatilus princeps","Pierna;blanquillo Pierna"
"162","Merluccius","angustimanus","Merluza","enana","Merluccius angustimanus","Merluza enana"
"163","Merluccius","productus","Merluza","nortena","Merluccius productus","Merluza nortena"
"164","Manta","birostris","Mantarraya;manta","gigante","Manta birostris","Mantarraya;manta gigante"
"165","Mobula","japanica","Manta","arpon","Mobula japanica","Manta arpon"
"166","Mobula","munkiana","Manta","chica","Mobula munkiana","Manta chica"
"167","Mobula","tarapacana","Manta","tarapacana","Mobula tarapacana","Manta tarapacana"
"168","Mobula","thurstoni","Manta","doblada","Mobula thurstoni","Manta doblada"
"169","Aluterus","scriptus","Lija","garrapatera;bota trompa","Aluterus scriptus","Lija garrapatera;bota trompa"
"170","Mugil","cephalus","Lisa","rayada;lisa cabezona","Mugil cephalus","Lisa rayada;lisa cabezona"
"171","Mugil","curema","Lisa","blanca;liseta;lebrancha","Mugil curema","Lisa blanca;liseta;lebrancha"
"172","Mugil","hospes","Lisa","hospe","Mugil hospes","Lisa hospe"
"173","Mulloidichthys","dentatus","Chivo","amarillo","Mulloidichthys dentatus","Chivo amarillo"
"174","Pseudupeneus","grandisquamis","Chivo","escamosos;chivato;salmonete chico","Pseudupeneus grandisquamis","Chivo escamosos;chivato;salmonete chico"
"175","Aetobatus","narinari","Chucho","pintado o Aguila real","Aetobatus narinari","Chucho pintado o Aguila real"
"176","Myliobatis","californica","Tecolote;raya","murcielago","Myliobatis californica","Tecolote;raya murcielago"
"177","Myliobatis","fitchi","Mantarraya","Raya","Myliobatis fitchi","Mantarraya Raya"
"178","Myliobatis","longirostris","Raya","aguila picuda","Myliobatis longirostris","Raya aguila picuda"
"179","Narcine","entemedor","Guitarra","electrica","Narcine entemedor","Guitarra electrica"
"180","Narcine","vermiculatus","Guitarra","electrica","Narcine vermiculatus","Guitarra electrica"
"181","Nematistius","pectoralis","Pejegallo;gallo","Sierras","Nematistius pectoralis","Pejegallo;gallo Sierras"
"182","Brotula","clarkae","Lengua","rosada","Brotula clarkae","Lengua rosada"
"183","Ancylopssetta","dendritica","Lenguado","tres ojos","Ancylopssetta dendritica","Lenguado tres ojos"
"184","Citharichthys","gilberti","Lenguado","bonito","Citharichthys gilberti","Lenguado bonito"
"185","Citharichthys","xanthostigma","Lenguado","alon","Citharichthys xanthostigma","Lenguado alon"
"186","Cyclopsetta","querna","Lenguado","Lenguados","Cyclopsetta querna","Lenguado Lenguados"
"187","Hippoglossina","stomata","Lenguado","bocon","Hippoglossina stomata","Lenguado bocon"
"188","Hippoglossina","tetropthalmas","Lenguado","cuatrojos","Hippoglossina tetropthalmas","Lenguado cuatrojos"
"189","Paralichthys","aestuarius","Lenguado","de Cortes","Paralichthys aestuarius","Lenguado de Cortes"
"190","Paralichthys","californicus","Lenguado","californiano","Paralichthys californicus","Lenguado californiano"
"191","Raya","chillona;raya","coreana","Raya","Raya chillona;raya","coreana Raya"
"192","Rhinobatos","glaucostigma","Payaso","pinto;guitarra punteada","Rhinobatos glaucostigma","Payaso pinto;guitarra punteada"
"193","Rhinobatos","leucorhynchus","Guitarra","trompa blanca","Rhinobatos leucorhynchus","Guitarra trompa blanca"
"194","Rhinobatos","productus","Payaso;guitarra","Raya","Rhinobatos productus","Payaso;guitarra Raya"
"195","Zapteryx","exasperata","Guitarra","rayada","Zapteryx exasperata","Guitarra rayada"
"196","Rhinoptera","steindachneri","Manta","gavilan","Rhinoptera steindachneri","Manta gavilan"
"197","Nicholsina","denticulata","Periquito","lunares turquesa","Nicholsina denticulata","Periquito lunares turquesa"
"198","Scarus","perrico","Loro","azul","Scarus perrico","Loro azul"
"199","Scarus","rubroviolacea","Loro","rojo","Scarus rubroviolacea","Loro rojo"
"200","Atractoscion","nobilis","Corvina","blanca","Atractoscion nobilis","Corvina blanca"
"201","Bairdiella","armata","Corvineta","armada","Bairdiella armata","Corvineta armada"
"202","Bairdiella","icistia","Corvineta","ronco","Bairdiella icistia","Corvineta ronco"
"203","Cynoscion","albus","Corvina","chiapaneca","Cynoscion albus","Corvina chiapaneca"
"204","Cynoscion","nannus","Corvina","enana","Cynoscion nannus","Corvina enana"
"205","Cynoscion","othonopterus","Corvina","golfina","Cynoscion othonopterus","Corvina golfina"
"206","Cynoscion","parvipinnis","corvina","azul;curvina aleta corta","Cynoscion parvipinnis","corvina azul;curvina aleta corta"
"207","Cynoscion","phoxocephalus","Corvina","picuda;corvina de Oaxaca","Cynoscion phoxocephalus","Corvina picuda;corvina de Oaxaca"
"208","Cynoscion","reticulatus","Corvina","rayada","Cynoscion reticulatus","Corvina rayada"
"209","Cynoscion","squamipinnis","Corvina","blanda","Cynoscion squamipinnis","Corvina blanda"
"210","Cynoscion","stolzmanni","Corvina","coliamarilla","Cynoscion stolzmanni","Corvina coliamarilla"
"211","Cynoscion","xanthulus","Corvina","boca anaranjada","Cynoscion xanthulus","Corvina boca anaranjada"
"212","Cheilotrema","saturnum","Raton","de Baja","Cheilotrema saturnum","Raton de Baja"
"213","Larimus","acclivis","Corvineta","boquinete","Larimus acclivis","Corvineta boquinete"
"214","Larimus","efulgens","Corvina","chata","Larimus efulgens","Corvina chata"
"215","Menticirhus","panamensis","Berrugata","gurrubata","Menticirhus panamensis","Berrugata gurrubata"
"216","Menticirrhus","nasus","Berrugata","real","Menticirrhus nasus","Berrugata real"
"217","Menticirrhus","paitensis","Berrugata","chula","Menticirrhus paitensis","Berrugata chula"
"218","Menticirrhus","undulatus","Berrugata","californiana","Menticirrhus undulatus","Berrugata californiana"
"219","Micropogonias","altipinnis","Chano","sureno","Micropogonias altipinnis","Chano sureno"
"220","Micropogonias","ectenes","Berrugata;yolo","Corvinas","Micropogonias ectenes","Berrugata;yolo Corvinas"
"221","Micropogonias","megalops","Chano","norteno","Micropogonias megalops","Chano norteno"
"222","Ophioscion","strabo","Corvineta","bizca","Ophioscion strabo","Corvineta bizca"
"223","Roncador","stearnsii","Corvina","diente chico","Roncador stearnsii","Corvina diente chico"
"224","Umbrina","roncador","Berrugata","aleta amarilla","Umbrina roncador","Berrugata aleta amarilla"
"225","Umbrina","xanti","Berrugata","roncadora","Umbrina xanti","Berrugata roncadora"
"226","Auxis","rochei","Melvera","Sierras","Auxis rochei","Melvera Sierras"
"227","Auxis","thazard","Melva;chula","Sierras","Auxis thazard","Melva;chula Sierras"
"228","Euthynnus","lineatus","Barrilete","negro","Euthynnus lineatus","Barrilete negro"
"229","Katsuwonus","pelamis","Barrilete","listado","Katsuwonus pelamis","Barrilete listado"
"230","Sarda","chiliensis","Bonito","del Pacifico oriental","Sarda chiliensis","Bonito del Pacifico oriental"
"231","Sarda","orientalis","Chula","Sierras","Sarda orientalis","Chula Sierras"
"232","Scomber","japonicus","Macarela","estornino","Scomber japonicus","Macarela estornino"
"233","Scomberomorus","concolor","Sierra","del cortes","Scomberomorus concolor","Sierra del cortes"
"234","Scomberomorus","sierra","Sierra","del Pacifico","Scomberomorus sierra","Sierra del Pacifico"
"235","Scorpaena","guttata","Lapon","californiano;escorpion","Scorpaena guttata","Lapon californiano;escorpion"
"236","Scorpaena","mystes","Lapon;escorpion;rascacio","Baquetas","Scorpaena mystes","Lapon;escorpion;rascacio Baquetas"
"237","Scorpaenodes","xyris","Rocote","arcoiris","Scorpaenodes xyris","Rocote arcoiris"
"238","Sebastes","atrovirens","Rocote","sargacero","Sebastes atrovirens","Rocote sargacero"
"239","Sebastes","constellatus","Rocote","estrella","Sebastes constellatus","Rocote estrella"
"240","Sebastes","miniatus","Rocote","colorado","Sebastes miniatus","Rocote colorado"
"241","Sebastes","paucispinis","Rocote","bocaccio","Sebastes paucispinis","Rocote bocaccio"
"242","Sebastes","rosaceus","Rosado","rosado","Sebastes rosaceus","Rosado rosado"
"243","Sebastes","rubrivinctus","Rocote","bandera","Sebastes rubrivinctus","Rocote bandera"
"244","Alphestes","immaculatus","Guaseta","del Pacifico","Alphestes immaculatus","Guaseta del Pacifico"
"245","Cephalopholis","panamensis","Enjambre","Huachinango","Cephalopholis panamensis","Enjambre Huachinango"
"246","Dermatolepis","dermatolepis","Cabrilla","cueruda","Dermatolepis dermatolepis","Cabrilla cueruda"
"247","Diplectrum","eumelum","Carabonita","Baquetas","Diplectrum eumelum","Carabonita Baquetas"
"248","Diplectrum","euryplectrum","Serrano","extranjero","Diplectrum euryplectrum","Serrano extranjero"
"249","Diplectrum","labarum","Espinudo","Baquetas","Diplectrum labarum","Espinudo Baquetas"
"250","Diplectrum","macropoma","Cabaicucho","Baquetas","Diplectrum macropoma","Cabaicucho Baquetas"
"251","Diplectrum","pacificum","Serrano;cabicucho","Corvinas","Diplectrum pacificum","Serrano;cabicucho Corvinas"
"252","Epinephelus","acanthistius","Baquetas","Baquetas","Epinephelus acanthistius","Baquetas Baquetas"
"253","Epinephelus","analogus","Cabrilla","pinta","Epinephelus analogus","Cabrilla pinta"
"254","Epinephelus","itajara","Mero","guasa;cherna","Epinephelus itajara","Mero guasa;cherna"
"255","Epinephelus","labriformis","Cabrilla","piedrera;maranguana","Epinephelus labriformis","Cabrilla piedrera;maranguana"
"256","Epinephelus","niphobles","Baqueta","ploma","Epinephelus niphobles","Baqueta ploma"
"257","Hemanthias","peruanus","Cabrilla","doblecola;antenado","Hemanthias peruanus","Cabrilla doblecola;antenado"
"258","Mycteroperca","jordani","Baya","Baquetas","Mycteroperca jordani","Baya Baquetas"
"259","Mycteroperca","prionura","Garropa",NA,"Mycteroperca prionura","Garropa NA"
"260","Mycteroperca","rosacea","Cabrilla","sardinera;mitan","Mycteroperca rosacea","Cabrilla sardinera;mitan"
"261","Mycteroperca","xenarcha","Cabrilla","plomuda;estacuda","Mycteroperca xenarcha","Cabrilla plomuda;estacuda"
"262","Paralabrax","auroguttatus","Cabrilla","extranjera;lucero","Paralabrax auroguttatus","Cabrilla extranjera;lucero"
"263","Paralabrax","clathratus","Cabrilla","sargacera;verdillo","Paralabrax clathratus","Cabrilla sargacera;verdillo"
"264","Paralabrax","loro","Cabrilla","cachete","Paralabrax loro","Cabrilla cachete"
"265","Paralabrax","maculatofasciatus","Cabrilla","de","Paralabrax maculatofasciatus","Cabrilla de"
"266","Paralabrax","nebulifer","Verdillo;cabrilla","verde","Paralabrax nebulifer","Verdillo;cabrilla verde"
"267","Paranthias","colonus","Sandia;crica;tijerilla","Baquetas","Paranthias colonus","Sandia;crica;tijerilla Baquetas"
"268","Serranus","huascarii","Serrano","bandera","Serranus huascarii","Serrano bandera"
"269","Stereolepis","gigas","Pescada;pescara","Baquetas","Stereolepis gigas","Pescada;pescara Baquetas"
"270","Calamus","brachysomus","Mojarra","mueluda","Calamus brachysomus","Mojarra mueluda"
"271","Sphyraena","ensis","Barracuda","mexicana","Sphyraena ensis","Barracuda mexicana"
"272","Sphyraena","lucasana","Barracuda","de","Sphyraena lucasana","Barracuda de"
"273","Sphyrna","lewini","Tiburon","martillo","Sphyrna lewini","Tiburon martillo"
"274","Squatina","californica","Angelote;tiburon","angel","Squatina californica","Angelote;tiburon angel"
"275","Peprilus","medius","Palometa","Jureles","Peprilus medius","Palometa Jureles"
"276","Peprilus","simillimus","Palometa","Jureles","Peprilus simillimus","Palometa Jureles"
"277","Peprilus","snyderi","Palometa","salema;pampanito","Peprilus snyderi","Palometa salema;pampanito"
"278","Synodus","scituliceps","Chile","arpon,caiman,iguana","Synodus scituliceps","Chile arpon,caiman,iguana"
"279","Sphoeroides","angusticeps","Botete","cabeza","Sphoeroides angusticeps","Botete cabeza"
"280","Sphoeroides","annulatus","Botete","diana","Sphoeroides annulatus","Botete diana"
"281","Sphoeroides","sechurae","Botete","peruano;tamborin","Sphoeroides sechurae","Botete peruano;tamborin"
"282","Mustelus","californicus","Tiburon","mamon","Mustelus californicus","Tiburon mamon"
"283","Mustelus","henlei","Tiburon","mamon","Mustelus henlei","Tiburon mamon"
"284","Mustelus","lunulatus","Tiburon","mamon","Mustelus lunulatus","Tiburon mamon"
"285","Prionotus","horrens","Vaca","Huachinango","Prionotus horrens","Vaca Huachinango"
"286","Kathetostoma","averruncus","Miracielo","buldog;aguado","Kathetostoma averruncus","Miracielo buldog;aguado"
"287","Urobatis","halleri","Raya","moteada","Urobatis halleri","Raya moteada"
"288","Urobatis","maculatus","Raya","lija","Urobatis maculatus","Raya lija"
"289","Urotrygon","rogersi","Raya","gris","Urotrygon rogersi","Raya gris"
"290","Epinephelus","acanthistius",NA,NA,"Epinephelus acanthistius","NA NA"
"291","Epinephelus","niphobles",NA,NA,"Epinephelus niphobles","NA NA"
"292","Paralabrax","nebulifer",NA,NA,"Paralabrax nebulifer","NA NA"
"293","Paralabrax","clathratus",NA,NA,"Paralabrax clathratus","NA NA"
"294","Paralabrax","auroguttatus",NA,NA,"Paralabrax auroguttatus","NA NA"
"295","amarillo","Paralabrax",NA,NA,"amarillo Paralabrax","NA NA"
"296","Paralabrax","maculatofasciatus",NA,NA,"Paralabrax maculatofasciatus","NA NA"
"297","Epinephelus","analogus",NA,NA,"Epinephelus analogus","NA NA"
"298","Mycteroperca","jordani",NA,NA,"Mycteroperca jordani","NA NA"
"299","Mycteroperca","rosacea",NA,NA,"Mycteroperca rosacea","NA NA"
"300","Epinephelus","labriformis",NA,NA,"Epinephelus labriformis","NA NA"
"301","Epinephelus","panamensis",NA,NA,"Epinephelus panamensis","NA NA"
"302","Mycteroperca","xenarcha",NA,NA,"Mycteroperca xenarcha","NA NA"
"303","Dermatolepis","dermatolepis",NA,NA,"Dermatolepis dermatolepis","NA NA"
"304","Stereolepis","gigas",NA,NA,"Stereolepis gigas","NA NA"
"305","Epinephelus","itajara",NA,NA,"Epinephelus itajara","NA NA"
"306","Cephalopholis","panamensis",NA,NA,"Cephalopholis panamensis","NA NA"
"307","Mycteroperca","prionura",NA,NA,"Mycteroperca prionura","NA NA"
"308","Squatina","californica",NA,NA,"Squatina californica","NA NA"
"309","Mustelus","californicus",NA,NA,"Mustelus californicus","NA NA"
"310","Mustelus","lunulatus",NA,NA,"Mustelus lunulatus","NA NA"
"311","Mustelus","henlei",NA,NA,"Mustelus henlei","NA NA"
"312","Rhizoprionodon","longurio",NA,NA,"Rhizoprionodon longurio","NA NA"
"313","Rhinobatos","productus",NA,NA,"Rhinobatos productus","NA NA"
"314","Sebastes","paucispinis",NA,NA,"Sebastes paucispinis","NA NA"
"315","Sebastes","atrovirens",NA,NA,"Sebastes atrovirens","NA NA"
"316","Scorpaenodes","xyris",NA,NA,"Scorpaenodes xyris","NA NA"
"317","Sebastes","constellatus",NA,NA,"Sebastes constellatus","NA NA"
"318","Sebastes","miniatus",NA,NA,"Sebastes miniatus","NA NA"
"319","Sebastes","rosaceus",NA,NA,"Sebastes rosaceus","NA NA"
"320","Sebastes","rubrivinctus",NA,NA,"Sebastes rubrivinctus","NA NA"
"321","Semicosssyphus","pulcher",NA,NA,"Semicosssyphus pulcher","NA NA"
"322","Diplectrum","euryplectrum",NA,NA,"Diplectrum euryplectrum","NA NA"
"323","Diplectrum","eumelum",NA,NA,"Diplectrum eumelum","NA NA"
"324","Cynoscion","parvipinnis",NA,NA,"Cynoscion parvipinnis","NA NA"
"325","Cynoscion","othonopterus",NA,NA,"Cynoscion othonopterus","NA NA"
"326","amarilla","Umbrina",NA,NA,"amarilla Umbrina","NA NA"
"327","Micropogonias","megalops",NA,NA,"Micropogonias megalops","NA NA"
"328","chico","Roncador",NA,NA,"chico Roncador","NA NA"
"329","Cheilotrema","saturna",NA,NA,"Cheilotrema saturna","NA NA"
"330","Menticirrhus","undulatus",NA,NA,"Menticirrhus undulatus","NA NA"
"331","Cynoscion","nannus",NA,NA,"Cynoscion nannus","NA NA"
"332","Cynoscion","stolzmanni",NA,NA,"Cynoscion stolzmanni","NA NA"
"333","Cynoscion","squamipinnis",NA,NA,"Cynoscion squamipinnis","NA NA"
"334","Micropogonias","altipinnis",NA,NA,"Micropogonias altipinnis","NA NA"
"335","Menticirrhus","nasus",NA,NA,"Menticirrhus nasus","NA NA"
"336","Atractoscion","nobilis",NA,NA,"Atractoscion nobilis","NA NA"
"337","Bairdiella","armata",NA,NA,"Bairdiella armata","NA NA"
"338","Bairdiella","icistia",NA,NA,"Bairdiella icistia","NA NA"
"339","Umbrina","xanti",NA,NA,"Umbrina xanti","NA NA"
"340","Cynoscion","reticulatus",NA,NA,"Cynoscion reticulatus","NA NA"
"341","anaranjada","Cynoscion",NA,NA,"anaranjada Cynoscion","NA NA"
"342","Menticirrhus","panamensis",NA,NA,"Menticirrhus panamensis","NA NA"
"343","Cynoscion","albus",NA,NA,"Cynoscion albus","NA NA"
"344","Diplectrum","pacificum",NA,NA,"Diplectrum pacificum","NA NA"
"345","Paralabrax","maculatofasciatus",NA,NA,"Paralabrax maculatofasciatus","NA NA"
"346","Serranus","huascarii",NA,NA,"Serranus huascarii","NA NA"
"347","Balistes","polylepis",NA,NA,"Balistes polylepis","NA NA"
"348","Mugil","cephalus",NA,NA,"Mugil cephalus","NA NA"
"349","Calamus","brachysomus",NA,NA,"Calamus brachysomus","NA NA"
"350","Trachinotus","paitensis",NA,NA,"Trachinotus paitensis","NA NA"
"351","Sebastes","paucispinis",NA,NA,"Sebastes paucispinis","NA NA"
"352","Sebastes","paucispinis",NA,NA,"Sebastes paucispinis","NA NA"
"353","Pacifico","Lutjanus",NA,NA,"Pacifico Lutjanus","NA NA"
"354","Lutjanus","guttatus",NA,NA,"Lutjanus guttatus","NA NA"
"355","Lutjanus","argentiventris",NA,NA,"Lutjanus argentiventris","NA NA"
"356","colmillon","Lutjanus",NA,NA,"colmillon Lutjanus","NA NA"
"357","Lutjanus","colorado",NA,NA,"Lutjanus colorado","NA NA"
"358","prieto","Lutjanus",NA,NA,"prieto Lutjanus","NA NA"
"359","Lutjanus","inermis",NA,NA,"Lutjanus inermis","NA NA"
"360","Lutjanus","viridis",NA,NA,"Lutjanus viridis","NA NA"
"361","Hoplopagrus","guentheri",NA,NA,"Hoplopagrus guentheri","NA NA"
"362","Lutjanus","aratus",NA,NA,"Lutjanus aratus","NA NA"
"363","amarilla;Acanthurus","xanthopterus",NA,NA,"amarilla;Acanthurus xanthopterus","NA NA"
"364","Alphestes","immaculatus",NA,NA,"Alphestes immaculatus","NA NA"
"365","trompa","Aluterus",NA,NA,"trompa Aluterus","NA NA"
"366","Anisotremus","interruptus",NA,NA,"Anisotremus interruptus","NA NA"
"367","Balistes","polylepis",NA,NA,"Balistes polylepis","NA NA"
"368","Calamus","brachysomus",NA,NA,"Calamus brachysomus","NA NA"
"369","hebra;cocinero;Carangoides","otrynter",NA,NA,"hebra;cocinero;Carangoides otrynter","NA NA"
"370","Caranx","caninus",NA,NA,"Caranx caninus","NA NA"
"371","Caranx","sexfasciatus",NA,NA,"Caranx sexfasciatus","NA NA"
"372","Caulolatilus","affinis",NA,NA,"Caulolatilus affinis","NA NA"
"373","Epinephelus","itajara",NA,NA,"Epinephelus itajara","NA NA"
"374","Epinephelus","labriformis",NA,NA,"Epinephelus labriformis","NA NA"
"375","Epinephelus","niphobles",NA,NA,"Epinephelus niphobles","NA NA"
"376","Haemulon","flaviguttatum",NA,NA,"Haemulon flaviguttatum","NA NA"
"377","Haemulon","maculicauda",NA,NA,"Haemulon maculicauda","NA NA"
"378","Haemulon","sexfasciatum",NA,NA,"Haemulon sexfasciatum","NA NA"
"379","Kyphosus","analogus",NA,NA,"Kyphosus analogus","NA NA"
"380","Kyphosus","elegans",NA,NA,"Kyphosus elegans","NA NA"
"381","Microlepidotus","brevipinnis",NA,NA,"Microlepidotus brevipinnis","NA NA"
"382","Microlepidotus","inornatus",NA,NA,"Microlepidotus inornatus","NA NA"
"383","Microlepidotus","inornatus",NA,NA,"Microlepidotus inornatus","NA NA"
"384","Mycteroperca","jordani",NA,NA,"Mycteroperca jordani","NA NA"
"385","Mycteroperca","rosacea",NA,NA,"Mycteroperca rosacea","NA NA"
"386","Sectator","ocyurus",NA,NA,"Sectator ocyurus","NA NA"
"387","Orthopristis","reddingi",NA,NA,"Orthopristis reddingi","NA NA"
"388","Paralabrax","auroguttatus",NA,NA,"Paralabrax auroguttatus","NA NA"
"389","Paralabrax","loro",NA,NA,"Paralabrax loro","NA NA"
"390","Paralabrax","maculatofasciatus",NA,NA,"Paralabrax maculatofasciatus","NA NA"
"391","Rhinoptera","steindachneri",NA,NA,"Rhinoptera steindachneri","NA NA"
"392","Scorpaena","mystes",NA,NA,"Scorpaena mystes","NA NA"
"393","Seriola","rivoliana",NA,NA,"Seriola rivoliana","NA NA"
"394","Sphoeroides","annulatus",NA,NA,"Sphoeroides annulatus","NA NA"
"395","Suflamen","verres",NA,NA,"Suflamen verres","NA NA"
"396","Trachinotus","rhodopus",NA,NA,"Trachinotus rhodopus","NA NA"
"397","Umbrina","xanti",NA,NA,"Umbrina xanti","NA NA"
"398","Xenichthys","xanti",NA,NA,"Xenichthys xanti","NA NA"
"399","Cephalopholis","panamensis",NA,NA,"Cephalopholis panamensis","NA NA"
"400","Cynoscion","parvipinnis",NA,NA,"Cynoscion parvipinnis","NA NA"
"401","Chaetodipterus","zonatus",NA,NA,"Chaetodipterus zonatus","NA NA"
"402","Epinephelus","acanthistius",NA,NA,"Epinephelus acanthistius","NA NA"
"403","Epinephelus","analogus",NA,NA,"Epinephelus analogus","NA NA"
"404","Caranx","caninus",NA,NA,"Caranx caninus","NA NA"
"405","Caranx","sexfasciatus",NA,NA,"Caranx sexfasciatus","NA NA"
"406","Caranx","caballus",NA,NA,"Caranx caballus","NA NA"
"407","Selar","crumenophtalmus",NA,NA,"Selar crumenophtalmus","NA NA"
"408","Seriola","lalandi",NA,NA,"Seriola lalandi","NA NA"
"409","Seriola","peruana",NA,NA,"Seriola peruana","NA NA"
"410","Seriola","rivoliana",NA,NA,"Seriola rivoliana","NA NA"
"411","Elagatis","bipinnulata",NA,NA,"Elagatis bipinnulata","NA NA"
"412","Caranx","otrynter",NA,NA,"Caranx otrynter","NA NA"
"413","Trachinotus","rhodopus",NA,NA,"Trachinotus rhodopus","NA NA"
"414","Trachinotus","paitensis",NA,NA,"Trachinotus paitensis","NA NA"
"415","Elops","affinis",NA,NA,"Elops affinis","NA NA"
"416","Gerres","cinereus",NA,NA,"Gerres cinereus","NA NA"
"417","Suflamen","verres",NA,NA,"Suflamen verres","NA NA"
"418","Balistes","polylepis",NA,NA,"Balistes polylepis","NA NA"
"419","Microlepidotus","inornatus",NA,NA,"Microlepidotus inornatus","NA NA"
"420","Scomberomorus","sierra",NA,NA,"Scomberomorus sierra","NA NA"
"421","Fistularia","commersonii",NA,NA,"Fistularia commersonii","NA NA"
"422","Strongylura","exilis",NA,NA,"Strongylura exilis","NA NA"
"423","Nematistius","pectoralis",NA,NA,"Nematistius pectoralis","NA NA"
"424","Calamus","brachysomus",NA,NA,"Calamus brachysomus","NA NA"
"425","Paralichthys","californicus",NA,NA,"Paralichthys californicus","NA NA"
"426","Paralichthys","woolmani",NA,NA,"Paralichthys woolmani","NA NA"
"427","Paralichthys","californicus",NA,NA,"Paralichthys californicus","NA NA"
"428","Xystreurys","liolepis",NA,NA,"Xystreurys liolepis","NA NA"
"429","Hippoglossina","stomata",NA,NA,"Hippoglossina stomata","NA NA"
"430","Hippoglossina","tetropthalmus",NA,NA,"Hippoglossina tetropthalmus","NA NA"
"431","Hypsopsetta","guttulata",NA,NA,"Hypsopsetta guttulata","NA NA"
"432","Microstomus","pacificus",NA,NA,"Microstomus pacificus","NA NA"
"433","Citharichthys","gilberti",NA,NA,"Citharichthys gilberti","NA NA"
"434","Citharichthys","xanthostigma",NA,NA,"Citharichthys xanthostigma","NA NA"
"435","Myliobatis","longirostris",NA,NA,"Myliobatis longirostris","NA NA"
"436","Myliobatis","californica",NA,NA,"Myliobatis californica","NA NA"
"437","Dasyatis","dipterura",NA,NA,"Dasyatis dipterura","NA NA"
"438","Rhinobatos","productusd",NA,NA,"Rhinobatos productusd","NA NA"
"439","Rhinoptera","steindachneri",NA,NA,"Rhinoptera steindachneri","NA NA"
"440","Aetobatus","narinari",NA,NA,"Aetobatus narinari","NA NA"
"441","Cyclopsetta","querna",NA,NA,"Cyclopsetta querna","NA NA"
"442","Ancyclopsetta","dendriticaf,",NA,NA,"Ancyclopsetta dendriticaf,","NA NA"
"443","Mugil","cephalus",NA,NA,"Mugil cephalus","NA NA"
"444","Mugil","curema",NA,NA,"Mugil curema","NA NA"
"445","Mugil","hospes",NA,NA,"Mugil hospes","NA NA"
"446","Albula","nemoptera",NA,NA,"Albula nemoptera","NA NA"
"447","Anchoa","ischana",NA,NA,"Anchoa ischana","NA NA"
"448","Ariopsis","guatemalensis",NA,NA,"Ariopsis guatemalensis","NA NA"
"449","Caranxs","vinctus",NA,NA,"Caranxs vinctus","NA NA"
"450","Caranxs","caballus",NA,NA,"Caranxs caballus","NA NA"
"451","Centropomus","nigrescens",NA,NA,"Centropomus nigrescens","NA NA"
"452","Centropomus","robalito",NA,NA,"Centropomus robalito","NA NA"
"453","Centropomus","robalito",NA,NA,"Centropomus robalito","NA NA"
"454","Cetengraulis","mysticetus",NA,NA,"Cetengraulis mysticetus","NA NA"
"455","Chanos","chanos",NA,NA,"Chanos chanos","NA NA"
"456","Chloroscombrus","orqueta",NA,NA,"Chloroscombrus orqueta","NA NA"
"457","Cynoscion","parvipinnis",NA,NA,"Cynoscion parvipinnis","NA NA"
"458","Diapterus","aureolus",NA,NA,"Diapterus aureolus","NA NA"
"459","Diapterus","peruvianus",NA,NA,"Diapterus peruvianus","NA NA"
"460","Malacapa","sp.",NA,NA,"Malacapa sp.","NA NA"
"461","Elops","affinis",NA,NA,"Elops affinis","NA NA"
"462","Eucinostomus","currani",NA,NA,"Eucinostomus currani","NA NA"
"463","Eucinostomus","gracilis",NA,NA,"Eucinostomus gracilis","NA NA"
"464","Gerres","cinereus",NA,NA,"Gerres cinereus","NA NA"
"465","Hemicaranx","zelotes",NA,NA,"Hemicaranx zelotes","NA NA"
"466","Menticirrhus","undulatus",NA,NA,"Menticirrhus undulatus","NA NA"
"467","Oligoplites","altus",NA,NA,"Oligoplites altus","NA NA"
"468","Ophioscion","strabo",NA,NA,"Ophioscion strabo","NA NA"
"469","Opisthonema","libertate",NA,NA,"Opisthonema libertate","NA NA"
"470","Orthopristis","chalceus",NA,NA,"Orthopristis chalceus","NA NA"
"471","Orthopristis","reddingi",NA,NA,"Orthopristis reddingi","NA NA"
"472","Polydactylus","approximans",NA,NA,"Polydactylus approximans","NA NA"
"473","Haemulopsis","leuciscus",NA,NA,"Haemulopsis leuciscus","NA NA"
"474","Pomadasys","panamensis",NA,NA,"Pomadasys panamensis","NA NA"
"475","Pseudupeneus","grandisquamis",NA,NA,"Pseudupeneus grandisquamis","NA NA"
"476","Mulloidichthys","dentatus",NA,NA,"Mulloidichthys dentatus","NA NA"
"477","Selene","brevoortii",NA,NA,"Selene brevoortii","NA NA"
"478","Sphoeroides","annulatus",NA,NA,"Sphoeroides annulatus","NA NA"
"479","Strongylura","exilis",NA,NA,"Strongylura exilis","NA NA"
"480","Xenichthys","xanti",NA,NA,"Xenichthys xanti","NA NA"
"481","Lutjanus","argentriventris",NA,NA,"Lutjanus argentriventris","NA NA"
"482","Caulolatilus","princeps",NA,NA,"Caulolatilus princeps","NA NA"
"483","Caulolatilus","affinis",NA,NA,"Caulolatilus affinis","NA NA"
"484","Caulolatilus","hubbsi",NA,NA,"Caulolatilus hubbsi","NA NA"
"485","Epinephelus","acanthistius",NA,NA,"Epinephelus acanthistius","NA NA"
"486","Epinephelus","niphobles",NA,NA,"Epinephelus niphobles","NA NA"
"487","Paralabrax","nebulifer",NA,NA,"Paralabrax nebulifer","NA NA"
"488","Semicossyphus","pulcher",NA,NA,"Semicossyphus pulcher","NA NA"
"489","Sphyraena","ensis",NA,NA,"Sphyraena ensis","NA NA"
"490","Mustelus","californicus",NA,NA,"Mustelus californicus","NA NA"
"491","Mustelus","lunulatus",NA,NA,"Mustelus lunulatus","NA NA"
"492","Mustelus","henlei",NA,NA,"Mustelus henlei","NA NA"
"493","Paralabrax","auroguttatus",NA,NA,"Paralabrax auroguttatus","NA NA"
"494","Micropogonias","megalops",NA,NA,"Micropogonias megalops","NA NA"
"495","Cynoscion","othonopterus",NA,NA,"Cynoscion othonopterus","NA NA"
"496","Paralabrax","maculatofasciatus",NA,NA,"Paralabrax maculatofasciatus","NA NA"
"497","Rhinobatos","productus",NA,NA,"Rhinobatos productus","NA NA"
"498","Rhinobatos","glaucostigma",NA,NA,"Rhinobatos glaucostigma","NA NA"
"499","Rhinobatos","leucorhynchus",NA,NA,"Rhinobatos leucorhynchus","NA NA"
"500","Narcine","entemedor",NA,NA,"Narcine entemedor","NA NA"
"501","Zapterix","exasperata",NA,NA,"Zapterix exasperata","NA NA"
"502","Dasyatis","dipterura",NA,NA,"Dasyatis dipterura","NA NA"
"503","Dasyatis","longus",NA,NA,"Dasyatis longus","NA NA"
"504","Aetobatus","narinari",NA,NA,"Aetobatus narinari","NA NA"
"505","Rhinoptera","steindachneri",NA,NA,"Rhinoptera steindachneri","NA NA"
"506","Myliobatis","californica",NA,NA,"Myliobatis californica","NA NA"
"507","Myliobatis","longirostris",NA,NA,"Myliobatis longirostris","NA NA"
"508","Gymnura","marmorata",NA,NA,"Gymnura marmorata","NA NA"
"509","Gymnura","crebripunctata",NA,NA,"Gymnura crebripunctata","NA NA"
"510","Raja","velezi",NA,NA,"Raja velezi","NA NA"
"511","Urobatis","halleri",NA,NA,"Urobatis halleri","NA NA"
"512","Urotrygon","rogersi",NA,NA,"Urotrygon rogersi","NA NA"
"513","Urobatis","maculatus",NA,NA,"Urobatis maculatus","NA NA"
"514","Raja","inornata",NA,NA,"Raja inornata","NA NA"
"515","Paralichthys","californicus",NA,NA,"Paralichthys californicus","NA NA"
"516","Paralichthys","aestuarius",NA,NA,"Paralichthys aestuarius","NA NA"
"517","Micropogonias","megalops",NA,NA,"Micropogonias megalops","NA NA"
"518","Squatina","californica",NA,NA,"Squatina californica","NA NA"
"519","Epinephelus","acanthistius",NA,NA,"Epinephelus acanthistius","NA NA"
"520","Paralabrax","auroguttatusd.",NA,NA,"Paralabrax auroguttatusd.","NA NA"
"521","Manta","birostris",NA,NA,"Manta birostris","NA NA"
"522","Mobula","thurstoni",NA,NA,"Mobula thurstoni","NA NA"
"523","Mobula","munkiana",NA,NA,"Mobula munkiana","NA NA"
"524","Mobula","japanica",NA,NA,"Mobula japanica","NA NA"
"525","Mobula","tarapacana",NA,NA,"Mobula tarapacana","NA NA"
"526","Centropomus","viridis",NA,NA,"Centropomus viridis","NA NA"
"527","Centropomus","nigrescens",NA,NA,"Centropomus nigrescens","NA NA"
"528","Centropomus","medius",NA,NA,"Centropomus medius","NA NA"
"529","larga","Centropomus",NA,NA,"larga Centropomus","NA NA"
"530","amarilla,","Centropomus",NA,NA,"amarilla, Centropomus","NA NA"
"531","Strongylura","exilis",NA,NA,"Strongylura exilis","NA NA"
"532","Anisotremus","interruptusc,",NA,NA,"Anisotremus interruptusc,","NA NA"
"533","Ariopsis","seemani",NA,NA,"Ariopsis seemani","NA NA"
"534","Sphyraena","ensis",NA,NA,"Sphyraena ensis","NA NA"
"535","Umbrina","xanti",NA,NA,"Umbrina xanti","NA NA"
"536","Orthopristis","chalceus",NA,NA,"Orthopristis chalceus","NA NA"
"537","Haemulopsis","leuciscusd",NA,NA,"Haemulopsis leuciscusd","NA NA"
"538","Acanthurus","xanthopterus",NA,NA,"Acanthurus xanthopterus","NA NA"
"539","Caranx","caballus",NA,NA,"Caranx caballus","NA NA"
"540","Ophioscion","strabo",NA,NA,"Ophioscion strabo","NA NA"
"541","Haemulon","sexfasciatum",NA,NA,"Haemulon sexfasciatum","NA NA"
"542","Selene","brevoortii",NA,NA,"Selene brevoortii","NA NA"
"543","Caranx","caninus",NA,NA,"Caranx caninus","NA NA"
"544","Caranx","sexfasciatus",NA,NA,"Caranx sexfasciatus","NA NA"
"545","Chloroscombrus","orqueta",NA,NA,"Chloroscombrus orqueta","NA NA"
"546","Gerres","cinereus",NA,NA,"Gerres cinereus","NA NA"
"547","Eucinostomus","dowii",NA,NA,"Eucinostomus dowii","NA NA"
"548","Calamus","brachysomus",NA,NA,"Calamus brachysomus","NA NA"
"549","chumbo","Hemicaranx",NA,NA,"chumbo Hemicaranx","NA NA"
"550","Trachinotus","rhodopus",NA,NA,"Trachinotus rhodopus","NA NA"
"551","Epinephelus","analogus",NA,NA,"Epinephelus analogus","NA NA"
"552","Oligoplites","saurus",NA,NA,"Oligoplites saurus","NA NA"
"553","Haemulon","maculicauda",NA,NA,"Haemulon maculicauda","NA NA"
"554","Xenichthys","xanti",NA,NA,"Xenichthys xanti","NA NA"
"555","Bagre","panamensis",NA,NA,"Bagre panamensis","NA NA"
"556","Hoplopagrus","guentheri",NA,NA,"Hoplopagrus guentheri","NA NA"
"557","Lobotes","pacificus",NA,NA,"Lobotes pacificus","NA NA"
"558","Scomberomorus","sierra",NA,NA,"Scomberomorus sierra","NA NA"
"559","Scomberomorus","concolor",NA,NA,"Scomberomorus concolor","NA NA"
"560","Sectator","ocyurus",NA,NA,"Sectator ocyurus","NA NA"
"561","Nematistius","pectoralis",NA,NA,"Nematistius pectoralis","NA NA"
"562","Seriola","rivoliana",NA,NA,"Seriola rivoliana","NA NA"
"563","Seriola","peruana",NA,NA,"Seriola peruana","NA NA"
"564","Trachinotus","paitensisc",NA,NA,"Trachinotus paitensisc","NA NA"
"565","Trachinotus","rhodopus",NA,NA,"Trachinotus rhodopus","NA NA"
"566","Sphyraena","ensis",NA,NA,"Sphyraena ensis","NA NA"
"567","Oligoplites","altus",NA,NA,"Oligoplites altus","NA NA"
"568","Decapterus","muroadsi",NA,NA,"Decapterus muroadsi","NA NA"
"569","Caranx","caballus",NA,NA,"Caranx caballus","NA NA"
"570","Seriola","lalandi",NA,NA,"Seriola lalandi","NA NA"
"571","Mugil","cephalus",NA,NA,"Mugil cephalus","NA NA"
"572","Calamus","brachysomus",NA,NA,"Calamus brachysomus","NA NA"
"573","Euthynnus","lineatus",NA,NA,"Euthynnus lineatus","NA NA"
"574","Katsuwonus","pelamis",NA,NA,"Katsuwonus pelamis","NA NA"
"575","Sarda","chiliensisb",NA,NA,"Sarda chiliensisb","NA NA"
"576","Atractoscion","nobilis",NA,NA,"Atractoscion nobilis","NA NA"
"577","Cynoscion","parvipinnis",NA,NA,"Cynoscion parvipinnis","NA NA"
"578","Cynoscion","othonopterusd",NA,NA,"Cynoscion othonopterusd","NA NA"
"579","Auxis","thazard",NA,NA,"Auxis thazard","NA NA"
"580","Auxis","rochei",NA,NA,"Auxis rochei","NA NA"
"581","Scomber","japonicus",NA,NA,"Scomber japonicus","NA NA"
"582","Trachurus","symmetricus",NA,NA,"Trachurus symmetricus","NA NA"
"583","Micropogonias","megalops",NA,NA,"Micropogonias megalops","NA NA"
"584","Sarda","orientalis",NA,NA,"Sarda orientalis","NA NA"
"585","Opisthonema","bulleri",NA,NA,"Opisthonema bulleri","NA NA"
"586","Opisthonema","medirastre",NA,NA,"Opisthonema medirastre","NA NA"
"587","Scomber","japonicus",NA,NA,"Scomber japonicus","NA NA"
"588","Cetengraulis","mysticetus",NA,NA,"Cetengraulis mysticetus","NA NA"
"589","Etrumeus","teres",NA,NA,"Etrumeus teres","NA NA"
"590","Trachurus","symmetricus",NA,NA,"Trachurus symmetricus","NA NA"
"591","Oligoplites","refulgens",NA,NA,"Oligoplites refulgens","NA NA"
"592","Parastichopus","parvimensis",NA,NA,"Parastichopus parvimensis","NA NA"
"593","Xiphias","gladius",NA,NA,"Xiphias gladius","NA NA"
"594","Istiophorus","albicans",NA,NA,"Istiophorus albicans","NA NA"
"595","Istiophorus","platypterus",NA,NA,"Istiophorus platypterus","NA NA"
"596","Prionace","glauca",NA,NA,"Prionace glauca","NA NA"
"597","Isurus","oxyrinchus",NA,NA,"Isurus oxyrinchus","NA NA"
"598","Alopias","vulpinus",NA,NA,"Alopias vulpinus","NA NA"
"599","Mustelus","henlei",NA,NA,"Mustelus henlei","NA NA"
"600","Mustelus","spp",NA,NA,"Mustelus spp","NA NA"
"601","Squatina","californica",NA,NA,"Squatina californica","NA NA"
"602","Carcharhinus","falciformis",NA,NA,"Carcharhinus falciformis","NA NA"
"603","Sphyrna","lewini",NA,NA,"Sphyrna lewini","NA NA"
"604","Rhizoprionodon","longurio",NA,NA,"Rhizoprionodon longurio","NA NA"
"605","Sphyrna","zygaena",NA,NA,"Sphyrna zygaena","NA NA"
"606","Carcharhinus","limbatus",NA,NA,"Carcharhinus limbatus","NA NA"
"607","Mustelus","californicus","Cazon","californiano","Mustelus californicus","Cazon californiano"
"608","Mustelus","lunulatus","Cazon","mamon","Mustelus lunulatus","Cazon mamon"
"609","Nasolamia","velox","Coyotito,","punta","Nasolamia velox","Coyotito, punta"
"610","Heterodontus","francisci","Tiburon","torito","Heterodontus francisci","Tiburon torito"
"611","Galeorhinus","galeus","Tiburon","sulfin","Galeorhinus galeus","Tiburon sulfin"
"612","Carcharhinus","leucas","toro,","Chato","Carcharhinus leucas","toro, Chato"
"613","Carcharhinus","brachyurus","Tiburon","lobero","Carcharhinus brachyurus","Tiburon lobero"
"614","Carcharhinus","obscurus","Gambuso,","prieto","Carcharhinus obscurus","Gambuso, prieto"
"615","Carcharhinus","porosus","Tiburon","poroso","Carcharhinus porosus","Tiburon poroso"
"616","Galeocerdo","cuvier","Tintorera",NA,"Galeocerdo cuvier","Tintorera NA"
"617","Alopias","superciliosus","Tiburon","coludo","Alopias superciliosus","Tiburon coludo"
"618","Triakis","semifasciata","Tiburon","leopardo","Triakis semifasciata","Tiburon leopardo"
"619","Heterodontus","mexicanus","Tiburon","torito","Heterodontus mexicanus","Tiburon torito"
"620","Ginglymostoma","cirratum","Gata",NA,"Ginglymostoma cirratum","Gata NA"
"621","Sphyrna","mokarran","Martillo","grande","Sphyrna mokarran","Martillo grande"
"622","Cephaloscyllium","ventriosum","Gata",NA,"Cephaloscyllium ventriosum","Gata NA"
"623","Carcharhinus","falciformis","Aleta","de","Carcharhinus falciformis","Aleta de"
"624","Sphyrna","lewini","Martillo,","cornuda","Sphyrna lewini","Martillo, cornuda"
"625","Carcharhinus","limbatus","Puntas","Negras","Carcharhinus limbatus","Puntas Negras"
"626","Nasolamia","velox","Zorrito,","coyotito","Nasolamia velox","Zorrito, coyotito"
"627","Alopias","superciliosus","Tiburon","perro","Alopias superciliosus","Tiburon perro"
"628","Alopias","pelagicus","Tiburon","perro","Alopias pelagicus","Tiburon perro"
"629","Carcharhinus","leucas","Toro,","chato","Carcharhinus leucas","Toro, chato"
"630","Sphyrna","zygaena","Cornuda,","martillo","Sphyrna zygaena","Cornuda, martillo"
"631","Mustelus","lunulatus","Cazon","mamon","Mustelus lunulatus","Cazon mamon"
"632","Galeocerdo","cuvier","Tintorera",NA,"Galeocerdo cuvier","Tintorera NA"
"633","Sphyrna","mokarran","Martillo","grande","Sphyrna mokarran","Martillo grande"
"634","Rhizoprionodon","longurio","Cazon","bironche","Rhizoprionodon longurio","Cazon bironche"
"635","Carcharhinus","obscurus","Tiburon","prieto","Carcharhinus obscurus","Tiburon prieto"
"636","Ginglymostoma","cirratum","Gata",NA,"Ginglymostoma cirratum","Gata NA"
"637","Prionace","glauca","Tiburon","azul","Prionace glauca","Tiburon azul"
"638","Alopias","vulpinus","Tiburon","perro","Alopias vulpinus","Tiburon perro"
"639","Isurus","oxyrinchus","Tiburon","mako","Isurus oxyrinchus","Tiburon mako"
"640","Carcharhinus","longimanus","Tiburon","aleta","Carcharhinus longimanus","Tiburon aleta"
"641","Carcharhinus","altimus","Tiburon","colorado","Carcharhinus altimus","Tiburon colorado"
"642","Sphyrna","corona","Tiburon","martillo","Sphyrna corona","Tiburon martillo"
"643","Carcharhinus","limbatus","Puntas","Negras","Carcharhinus limbatus","Puntas Negras"
"644","Thunnus","albacares","Atun","aleta","Thunnus albacares","Atun aleta"
"645","Thunnus","orientalis","Atun","aleta","Thunnus orientalis","Atun aleta"
"646","Katsuwonus","pelamis","Barrilete",NA,"Katsuwonus pelamis","Barrilete NA"
"647","Thunnus","alalunga","Albacora",NA,"Thunnus alalunga","Albacora NA"
"648","Thunnus","obesus","Patudo",NA,"Thunnus obesus","Patudo NA"
"649","Euthynnus","lineatus","Barrilete","negro","Euthynnus lineatus","Barrilete negro"
"650","Rangia","cuneata","Almeja","gallito","Rangia cuneata","Almeja gallito"
"651","Polymesoda","caroliniana","Almeja","negra,","Polymesoda caroliniana","Almeja negra,"
"652","Rangia","flexuosa","Almeja","burra,","Rangia flexuosa","Almeja burra,"
"653","Codakia","orbicularis","Almeja","blanca","Codakia orbicularis","Almeja blanca"
"654","Mercenaria","campechiensis","Almeja","bola","Mercenaria campechiensis","Almeja bola"
"655","Farfantepenaeus","aztecus","Camaron","cafe","Farfantepenaeus aztecus","Camaron cafe"
"656","Litopenaeus","setiferus","Camaron","blanco","Litopenaeus setiferus","Camaron blanco"
"657","Farfantepenaeus","duorarum","Camaron","rosado","Farfantepenaeus duorarum","Camaron rosado"
"658","Sicyonia","brevirostris","Camaron","de","Sicyonia brevirostris","Camaron de"
"659","Xiphopenaeus","k royeri","Camaron","siete","Xiphopenaeus k royeri","Camaron siete"
"660","Farfantepenaeus","brasiliensis","Camaron","rojo","Farfantepenaeus brasiliensis","Camaron rojo"
"661","Sicyonia","brevirostris","Camaron","de","Sicyonia brevirostris","Camaron de"
"662","Farfantepenaeus","duorarum","Camaron","rosado","Farfantepenaeus duorarum","Camaron rosado"
"663","Farfantepenaeus","aztecus","Camaron","cafe","Farfantepenaeus aztecus","Camaron cafe"
"664","Farfantepenaeus","setiferus","Camaron","blanco","Farfantepenaeus setiferus","Camaron blanco"
"665","Farfantepenaeus","brasiliensis","Camaron","rojo","Farfantepenaeus brasiliensis","Camaron rojo"
"666","Sicyonia","brevirostris","Camaron","de","Sicyonia brevirostris","Camaron de"
"667","Trachypenaeus","spp.","Camaron","sintetico","Trachypenaeus spp.","Camaron sintetico"
"668","Xiphopenaeus","kroyeri","Camaron","siete","Xiphopenaeus kroyeri","Camaron siete"
"669","Litopenaeus","setiferus","Camaron","blanco","Litopenaeus setiferus","Camaron blanco"
"670","Cardisoma","guanhumi","Cangrejo","azul","Cardisoma guanhumi","Cangrejo azul"
"671","Ucides","cordatus","Cangrejo","Morro","Ucides cordatus","Cangrejo Morro"
"672","Strombus","gigas","Caracol","rosado,","Strombus gigas","Caracol rosado,"
"673","Turbinella","angulata","Caracol","tomburro","Turbinella angulata","Caracol tomburro"
"674","Busycon","perversum","Caracol","trompillo,","Busycon perversum","Caracol trompillo,"
"675","Pleuroploca","gigantea","Caracol","rojo","Pleuroploca gigantea","Caracol rojo"
"676","Strombus","costatus","Caracol","blanco,","Strombus costatus","Caracol blanco,"
"677","Strombus","pugilis","Caracol","canelo","Strombus pugilis","Caracol canelo"
"678","Melongena","melongena","Caracol","negro","Melongena melongena","Caracol negro"
"679","Melongena","corona","Caracol","chivita","Melongena corona","Caracol chivita"
"680","Fasciolaria","tulipa","Caracol","campechana","Fasciolaria tulipa","Caracol campechana"
"681","Callinectes","sapidus","Jaiba","azul","Callinectes sapidus","Jaiba azul"
"682","Callinectes","rathbunae","Jaiba","prieta","Callinectes rathbunae","Jaiba prieta"
"683","Callinectes","bocourti","Jaiba","roma","Callinectes bocourti","Jaiba roma"
"684","Callinectes","similis","Jaiba","pequena","Callinectes similis","Jaiba pequena"
"685","Callinectes","danae","Jaiba","siri","Callinectes danae","Jaiba siri"
"686","Callinectes","ornatus","Jaiba",NA,"Callinectes ornatus","Jaiba NA"
"687","Menippe","mercenaria","Cangrejo","moro","Menippe mercenaria","Cangrejo moro"
"688","Arenareus","spp","Jaiba","roja","Arenareus spp","Jaiba roja"
"689","Panulirus","argus","Langosta","del","Panulirus argus","Langosta del"
"690","Panulirus","guttatus","Langosta","pinta","Panulirus guttatus","Langosta pinta"
"691","Macrobrachium","carcinus","Langostino",NA,"Macrobrachium carcinus","Langostino NA"
"692","Macrobrachium","acanthurus","Camaron","prieto,","Macrobrachium acanthurus","Camaron prieto,"
"693","Macrobrachium","heterochirus","Camaron","manudo","Macrobrachium heterochirus","Camaron manudo"
"694","Atya","scabra","Burrito",NA,"Atya scabra","Burrito NA"
"695","Crassostrea","virginica","Ostion","americano","Crassostrea virginica","Ostion americano"
"696","Crassostrea","rhizophorae","Ostion","de","Crassostrea rhizophorae","Ostion de"
"697","Acanthurus","bahianus","Cirujano","pardo","Acanthurus bahianus","Cirujano pardo"
"698","Acanthurus","chirurgus","Cirujano","rayado","Acanthurus chirurgus","Cirujano rayado"
"699","Acanthurus","coeruleus","Cirujano","azul","Acanthurus coeruleus","Cirujano azul"
"700","Ariopsis","felis","Bagre,","bosh,","Ariopsis felis","Bagre, bosh,"
"701","Bagre","marinus","Bagre","banderaR,","Bagre marinus","Bagre banderaR,"
"702","Bothus","ocellatus","Lenguado","B","Bothus ocellatus","Lenguado B"
"703","Bothus","robinsi","Lenguado","B","Bothus robinsi","Lenguado B"
"704","Brotula","barbata","Lengua,","brotula,","Brotula barbata","Lengua, brotula,"
"705","Alectis","ciliaris","Pampano","de","Alectis ciliaris","Pampano de"
"706","Carangoides","bartholomaei","Cojinuda","S","Carangoides bartholomaei","Cojinuda S"
"707","Caranx","chrysos","Cojinuda,","cojinua","Caranx chrysos","Cojinuda, cojinua"
"708","Caranx","hippos","Jurel","amarillo,","Caranx hippos","Jurel amarillo,"
"709","Caranx","latus","Jurel","blanco,","Caranx latus","Jurel blanco,"
"710","Caranx","lugubris","Jurel","negro","Caranx lugubris","Jurel negro"
"711","Elagatis","bipinnulata","Macarela","salmon","Elagatis bipinnulata","Macarela salmon"
"712","Oligoplites","saurus","Zapatero","S","Oligoplites saurus","Zapatero S"
"713","Selene","brownii","Jorobado","T,","Selene brownii","Jorobado T,"
"714","Selene","vomer","Jorobado,","papelillo,","Selene vomer","Jorobado, papelillo,"
"715","Selene","setapinnis","Jorobado,","papelillo","Selene setapinnis","Jorobado, papelillo"
"716","Seriola","sp.","Medregal,","coronado,","Seriola sp.","Medregal, coronado,"
"717","Seriola","dumerili","Esmedregal,","medregal","Seriola dumerili","Esmedregal, medregal"
"718","Seriola","rivoliana","Esmedregal","Ro","Seriola rivoliana","Esmedregal Ro"
"719","Seriola","zonata","CoronadoM",NA,"Seriola zonata","CoronadoM NA"
"720","Trachinotus","carolinus","Pampano","amarillo","Trachinotus carolinus","Pampano amarillo"
"721","Trachinotus","falcatus","Palometa","Ro,","Trachinotus falcatus","Palometa Ro,"
"722","Trachinotus","goodei","Pampano","J,","Trachinotus goodei","Pampano J,"
"723","Carcharhinus","brevipinna","Tiburon","aleta","Carcharhinus brevipinna","Tiburon aleta"
"724","falciformis","Tiburon","sedoso","R","falciformis Tiburon","sedoso R"
"725","Carcharhinus","leucas","Tiburon","toro,","Carcharhinus leucas","Tiburon toro,"
"726","Carcharhinus","limbatus","Tiburon","puntas","Carcharhinus limbatus","Tiburon puntas"
"727","Carcharhinus","porosus","Tiburon","poroso","Carcharhinus porosus","Tiburon poroso"
"728","Carcharhinus","spp","Tiburones","Ro","Carcharhinus spp","Tiburones Ro"
"729","Galeocerdo","cuvieri","Tiburon","tintorera","Galeocerdo cuvieri","Tiburon tintorera"
"730","Rhizoprionodon","terraenovae","Cazon","tripa,","Rhizoprionodon terraenovae","Cazon tripa,"
"731","de","ley",NA,NA,"de ley","NA NA"
"732","Centropomus","parallelus","Chucumite","Ro","Centropomus parallelus","Chucumite Ro"
"733","Centropomus","pectinatus","Robalo","constantino","Centropomus pectinatus","Robalo constantino"
"734","Centropomus","poeyi","Robalo","prieto","Centropomus poeyi","Robalo prieto"
"735","Centropomus","undecimalis","Robalo","blanco","Centropomus undecimalis","Robalo blanco"
"736","Brevoortia","gunteri","Sardina","de","Brevoortia gunteri","Sardina de"
"737","Brevoortia","patronus","Sardina","lacha","Brevoortia patronus","Sardina lacha"
"738","Etrumeus","teres","Sardina","Sa","Etrumeus teres","Sardina Sa"
"739","Harengula","clupeola","Sardina","carapachona","Harengula clupeola","Sardina carapachona"
"740","Harengula","jaguana","Sardina","escamuda","Harengula jaguana","Sardina escamuda"
"741","Opisthonema","oglinum","Sardina","vivita","Opisthonema oglinum","Sardina vivita"
"742","Dasyatis","americana","Raya","latigo","Dasyatis americana","Raya latigo"
"743","Dasyatis","sabina","Raya","o","Dasyatis sabina","Raya o"
"744","Eleotris","pisonis","Guabina","L","Eleotris pisonis","Guabina L"
"745","Elops","saurus","Macabi,","machete","Elops saurus","Macabi, machete"
"746","Anchoa","hepsetus","Anchoa","legitima","Anchoa hepsetus","Anchoa legitima"
"747","Anchoa","lamprotaenia","Anchoa","ojuda","Anchoa lamprotaenia","Anchoa ojuda"
"748","Anchoa","mitchilli","Anchoa","de","Anchoa mitchilli","Anchoa de"
"749","Cetengraulis","edentulus","Anchoveta","rabo","Cetengraulis edentulus","Anchoveta rabo"
"750","Sarda","sarda","Bonito","del","Sarda sarda","Bonito del"
"751","Diapterus","auratus","Mojarra","blanca","Diapterus auratus","Mojarra blanca"
"752","Eucinostomus","argenteus","Mojarra","plateada,","Eucinostomus argenteus","Mojarra plateada,"
"753","Eugerres","plumieri","Mojarra","rayada","Eugerres plumieri","Mojarra rayada"
"754","Gerres","cinereus","Mojarra","trompetera","Gerres cinereus","Mojarra trompetera"
"755","Eucinostomus","lefroyi","Mojarra,","mojarrita","Eucinostomus lefroyi","Mojarra, mojarrita"
"756","Gymnura","micrura","Raya","mariposa","Gymnura micrura","Raya mariposa"
"757","Conodon","nobilis","Ronco","amarillo,","Conodon nobilis","Ronco amarillo,"
"758","Haemulon","aurolineatum","Ronco","jeniguaro","Haemulon aurolineatum","Ronco jeniguaro"
"759","Haemulon","bonariensis","Ronco","prieto","Haemulon bonariensis","Ronco prieto"
"760","Haemulon","chrysargyreum","Ronco","boquichica","Haemulon chrysargyreum","Ronco boquichica"
"761","Haemulon","flavolineatum","Ronco","condenado","Haemulon flavolineatum","Ronco condenado"
"762","Haemulon","macrostomum","Burro","H","Haemulon macrostomum","Burro H"
"763","Haemulon","plumieri","Boquilla,","chac-chiJ,","Haemulon plumieri","Boquilla, chac-chiJ,"
"764","Haemulon","sciurus","Ronco","carite","Haemulon sciurus","Ronco carite"
"765","Orthopristis","chrysoptera","Armado","S","Orthopristis chrysoptera","Armado S"
"766","crocro","Burro,","crocro","H","crocro Burro,","crocro H"
"767","Kyphosus","incisor","Chopa","amarilla","Kyphosus incisor","Chopa amarilla"
"768","Kyphosus","sectator","Chopa","negra","Kyphosus sectator","Chopa negra"
"769","Bodianus","pulchellus","Vieja","lomo","Bodianus pulchellus","Vieja lomo"
"770","Bodianus","rufus","Vieja","espanolaS","Bodianus rufus","Vieja espanolaS"
"771","Lachnolaimus","maximus","Boquinete,","pargo","Lachnolaimus maximus","Boquinete, pargo"
"772","Lobotes","surinamensis","Chopa","Ro","Lobotes surinamensis","Chopa Ro"
"773","Apsilus","dentatus","Lamparita","Sa","Apsilus dentatus","Lamparita Sa"
"774","Etelis","oculatus","Huachinango","de","Etelis oculatus","Huachinango de"
"775","Lutjanus","analis","Pargo","criollo,","Lutjanus analis","Pargo criollo,"
"776","Lutjanus","apodus","Pargo","H","Lutjanus apodus","Pargo H"
"777","Lutjanus","buccanella","Huachinango","aleta","Lutjanus buccanella","Huachinango aleta"
"778","Lutjanus","campechanus","Huachinango","de","Lutjanus campechanus","Huachinango de"
"779","Lutjanus","cyanopterus","CuberaJ",NA,"Lutjanus cyanopterus","CuberaJ NA"
"780","Lutjanus","griseus","Pargo","mulato,","Lutjanus griseus","Pargo mulato,"
"781","Lutjanus","jocu","Pargo","perro,","Lutjanus jocu","Pargo perro,"
"782","Lutjanus","purpureus","Pargo","rojo","Lutjanus purpureus","Pargo rojo"
"783","Lutjanus","synagris","Rubia,","villajaibaJ,","Lutjanus synagris","Rubia, villajaibaJ,"
"784","Lutjanus","vivanus","Huachinango","ojo","Lutjanus vivanus","Huachinango ojo"
"785","Ocyurus","chrysurus","Canane,","rubio,","Ocyurus chrysurus","Canane, rubio,"
"786","Rhomboplites","aurorubens","BesugoM",NA,"Rhomboplites aurorubens","BesugoM NA"
"787","Caulolatilus","chrysops","Blanquillo","ojo","Caulolatilus chrysops","Blanquillo ojo"
"788","Caulolatilus","intermedius","Blanquillo","payasoM","Caulolatilus intermedius","Blanquillo payasoM"
"789","Caulolatilus","microps","Blanquillo","lucioM","Caulolatilus microps","Blanquillo lucioM"
"790","Lopholatilus","chamaeleonticeps","Corvinato","M","Lopholatilus chamaeleonticeps","Corvinato M"
"791","Aluterus","scriptus","Pez","puerco,","Aluterus scriptus","Pez puerco,"
"792","Mugil","cephalus","Lisa","L","Mugil cephalus","Lisa L"
"793","Mugil","curema","Lebrancha","L","Mugil curema","Lebrancha L"
"794","Upeneus","parvus","Chivo","rayuelo,","Upeneus parvus","Chivo rayuelo,"
"795","Aetobatus","narinari","Chucho,","raya","Aetobatus narinari","Chucho, raya"
"796","Rhinoptera","bonasus","Manta","cubanita","Rhinoptera bonasus","Manta cubanita"
"797","Ophichthus","rex","Lairon","H","Ophichthus rex","Lairon H"
"798","Acanthostracion","quadricornis","Torito","Pma","Acanthostracion quadricornis","Torito Pma"
"799","Paralichthys","albigutta","Lenguado","Pma","Paralichthys albigutta","Lenguado Pma"
"800","Syacium","gunteri","Lenguado","arenoso","Syacium gunteri","Lenguado arenoso"
"801","Polydactylus","octonemus","Raton","S","Polydactylus octonemus","Raton S"
"802","Pomacanthus","arcuatus","Gallineta","cafe","Pomacanthus arcuatus","Gallineta cafe"
"803","Pomacanthus","paru","Gallineta","negra","Pomacanthus paru","Gallineta negra"
"804","Priacanthus","arenatus","OjonJ,","S","Priacanthus arenatus","OjonJ, S"
"805","Rachycentrum","canadum","Cobia,","bacalao,","Rachycentrum canadum","Cobia, bacalao,"
"806","Raja","texana","Raya,","Bala,","Raja texana","Raya, Bala,"
"807","Rhinobatos","lentiginosus","Guitarra,","diablo","Rhinobatos lentiginosus","Guitarra, diablo"
"808","ronchus","Ronco","rayado","T","ronchus Ronco","rayado T"
"809","Bairdiella","chrysoura","Posta,","Pollito","Bairdiella chrysoura","Posta, Pollito"
"810","Cynoscion","arenarius","Trucha","blanca,","Cynoscion arenarius","Trucha blanca,"
"811","Cynoscion","nebulosus","Trucha","pinta,","Cynoscion nebulosus","Trucha pinta,"
"812","Cynoscion","nothus","Trucha","o","Cynoscion nothus","Trucha o"
"813","Leiostomus","xanthurus","Croca","T,","Leiostomus xanthurus","Croca T,"
"814","Menticirrhus","americanus","Raton","del","Menticirrhus americanus","Raton del"
"815","Menticirrhus","littoralis","Raton,","berrugato","Menticirrhus littoralis","Raton, berrugato"
"816","Menticirrhus","saxatilis","Berrugato,","raton","Menticirrhus saxatilis","Berrugato, raton"
"817","Micropogonias","undulatus","Gurrubata,","tambor","Micropogonias undulatus","Gurrubata, tambor"
"818","Pogonias","cromis","Tambor","negro","Pogonias cromis","Tambor negro"
"819","Sciaenops","ocellata","Corvina","ocelada,corvina","Sciaenops ocellata","Corvina ocelada,corvina"
"820","Euthynnus","alletteratus","BonitoJ,","S","Euthynnus alletteratus","BonitoJ, S"
"821","Scomber","japonicus","Macarela","Sa","Scomber japonicus","Macarela Sa"
"822","Scomberomorus","cavalla","Peto,","carito","Scomberomorus cavalla","Peto, carito"
"823","Scomberomorus","maculatus","Sierra","S","Scomberomorus maculatus","Sierra S"
"824","Scomberomorus","regalis","Sierra","S","Scomberomorus regalis","Sierra S"
"825","Thunnus","albacares","Atun","H","Thunnus albacares","Atun H"
"826","Thunnus","atlanticus","Atun","aleta","Thunnus atlanticus","Atun aleta"
"827","Neomerinthe","hemingwayi","Rascacio","H","Neomerinthe hemingwayi","Rascacio H"
"828","Cephalopholis","cruentata","Cabrilla","M","Cephalopholis cruentata","Cabrilla M"
"829","Cephalopholis","fulva","Cabrilla","rojaM","Cephalopholis fulva","Cabrilla rojaM"
"830","Diplectrum","formosum","Serrano","arenero,","Diplectrum formosum","Serrano arenero,"
"831","Diplectrum","radiale","Guabina","Ro,","Diplectrum radiale","Guabina Ro,"
"832","Epinephelus","adscensionis","Cabrilla,","payaso","Epinephelus adscensionis","Cabrilla, payaso"
"833","Epinephelus","drummondhayi","Lenteja,","abadejo","Epinephelus drummondhayi","Lenteja, abadejo"
"834","Epinephelus","flavolimbatus","Mero","extraviado","Epinephelus flavolimbatus","Mero extraviado"
"835","Epinephelus","guttatus","Payaso","rojo,","Epinephelus guttatus","Payaso rojo,"
"836","Epinephelus","itajara","Cherna,","mero","Epinephelus itajara","Cherna, mero"
"837","Epinephelus","morio","Mero,","cherna","Epinephelus morio","Mero, cherna"
"838","Epinephelus","nigritus","Mero","negro,","Epinephelus nigritus","Mero negro,"
"839","Epinephelus","niveatus","Cherna","pinta,","Epinephelus niveatus","Cherna pinta,"
"840","Epinephelus","striatus","Mero","del","Epinephelus striatus","Mero del"
"841","Mycteroperca","bonaci","Negrillo","M","Mycteroperca bonaci","Negrillo M"
"842","Mycteroperca","interstitialis","Gallina,","mero","Mycteroperca interstitialis","Gallina, mero"
"843","Mycteroperca","microlepis","Abadejo","MJ","Mycteroperca microlepis","Abadejo MJ"
"844","Mycteroperca","phenax","Cabrilla,","negrillo,","Mycteroperca phenax","Cabrilla, negrillo,"
"845","Mycteroperca","venenosa","Guacamayo,","aceitero,","Mycteroperca venenosa","Guacamayo, aceitero,"
"846","Archosargus","probatocephalus","Sargo,","chopa,","Archosargus probatocephalus","Sargo, chopa,"
"847","Archosargus","rhomboidalis","Sargo,","Postha","Archosargus rhomboidalis","Sargo, Postha"
"848","Calamus","arctifrons","Calamus","arctifronsJ,","Calamus arctifrons","Calamus arctifronsJ,"
"849","Calamus","bajonado","MojarronJ,","M","Calamus bajonado","MojarronJ, M"
"850","proridens","Tigre,","pluma","jorobada","proridens Tigre,","pluma jorobada"
"851","Calamus","spp","Plumas,","mojarrones,","Calamus spp","Plumas, mojarrones,"
"852","Pagrus","pagrus","Sargo","rojo","Pagrus pagrus","Sargo rojo"
"853","Sphyraena","barracuda","Barracuda,","picuda","Sphyraena barracuda","Barracuda, picuda"
"854","Sphyraena","guachancho","Tolete","S","Sphyraena guachancho","Tolete S"
"855","Sphyrna","lewini","Cornuda,","martillo","Sphyrna lewini","Cornuda, martillo"
"856","Sphyrna","tiburo","Tiburon","martillo,","Sphyrna tiburo","Tiburon martillo,"
"857","Squalus","cubensis","Cazon","bagre","Squalus cubensis","Cazon bagre"
"858","Peprilus","paru","Palometa","pampano","Peprilus paru","Palometa pampano"
"859","Synodus","foetens","Chile,","tolete","Synodus foetens","Chile, tolete"
"860","Canthigaster","rostrata","Tamborin","narizon","Canthigaster rostrata","Tamborin narizon"
"861","Lagocephalus","laevigatus","Conejo","blanco","Lagocephalus laevigatus","Conejo blanco"
"862","Sphoeroides","dorsalis","Botete","jaspeado","Sphoeroides dorsalis","Botete jaspeado"
"863","Sphoeroides","nephelus","Botete","sureno","Sphoeroides nephelus","Botete sureno"
"864","Sphoeroides","spengleri","Botete","collarete","Sphoeroides spengleri","Botete collarete"
"865","Sphoeroides","testudineus","Botete","globo","Sphoeroides testudineus","Botete globo"
"866","Trichiurus","lepturus","Cintilla,","yegua,","Trichiurus lepturus","Cintilla, yegua,"
"867","Prionotus","evolans","Rubio","volador","Prionotus evolans","Rubio volador"
"868","Prionotus","punctatus","Rubio,","testolin","Prionotus punctatus","Rubio, testolin"
"869","Bagre","marinus","Bagre","bandera","Bagre marinus","Bagre bandera"
"870","Ariopsis","felis","Bagre,","curuco,","Ariopsis felis","Bagre, curuco,"
"871","Aetobatus","narinari","Chucho,","raya","Aetobatus narinari","Chucho, raya"
"872","Cynoscion","arenarius","Trucha","blanca,","Cynoscion arenarius","Trucha blanca,"
"873","Dasyatis","americana","Raya","latigo","Dasyatis americana","Raya latigo"
"874","Diplectrum","formosum","Serrano,","vulcay,","Diplectrum formosum","Serrano, vulcay,"
"875","Diplectrum","radiale","Guabina,","serrano","Diplectrum radiale","Guabina, serrano"
"876","Epinephelus","itajara","Cherna,","mero","Epinephelus itajara","Cherna, mero"
"877","Lutjanus","campechanus","Huachinango","de","Lutjanus campechanus","Huachinango de"
"878","Lutjanus","griseus","Pargo","mulato,","Lutjanus griseus","Pargo mulato,"
"879","Lutjanus","synagris","Villajaiba,","rubia","Lutjanus synagris","Villajaiba, rubia"
"880","Raja","texana","Raya","tigre,","Raja texana","Raya tigre,"
"881","Rhinobatos","lentiginosus","Guitarra,","diablo","Rhinobatos lentiginosus","Guitarra, diablo"
"882","Syacium","gunteri","Lenguado","arenoso","Syacium gunteri","Lenguado arenoso"
"883","Synodus","foetens","Chile,","iguano","Synodus foetens","Chile, iguano"
"884","Upeneus","parvus","Chivo","rayuelo,","Upeneus parvus","Chivo rayuelo,"
"885","Lutjanus","campechanus","Huachinango","de","Lutjanus campechanus","Huachinango de"
"886","Lutjanus","vivanus","Huachinango","ojo","Lutjanus vivanus","Huachinango ojo"
"887","Lutjanus","buccanella","Huachinango","aleta","Lutjanus buccanella","Huachinango aleta"
"888","Etelis","oculatus","Huachinango","de","Etelis oculatus","Huachinango de"
"889","Ocyurus","chrysurus","Canane",NA,"Ocyurus chrysurus","Canane NA"
"890","Lutjanus","synagris","Rubia,","villajaiba","Lutjanus synagris","Rubia, villajaiba"
"891","parguete","Lutjanus","Pargo","mulato,","parguete Lutjanus","Pargo mulato,"
"892","caballera","Lutjanus","Pargo","perro,","caballera Lutjanus","Pargo perro,"
"893","Lutjanus","cyanopterus","Cubera",NA,"Lutjanus cyanopterus","Cubera NA"
"894","Rhomboplites","aurorubens","Besugo",NA,"Rhomboplites aurorubens","Besugo NA"
"895","Lutjanus","analis","Pargo","criollo,","Lutjanus analis","Pargo criollo,"
"896","Lutjanus","purpureus","Pargo","rojo","Lutjanus purpureus","Pargo rojo"
"897","Lutjanus","apodus","Pargo",NA,"Lutjanus apodus","Pargo NA"
"898","Neomerinthe","hemingwayi","Rascacio",NA,"Neomerinthe hemingwayi","Rascacio NA"
"899","Brotula","barbata","Lengua,","brotula,","Brotula barbata","Lengua, brotula,"
"900","Calamus","bajonado","Mojarron",NA,"Calamus bajonado","Mojarron NA"
"901","Calamus","nodosus","Tigre,","mojarron","Calamus nodosus","Tigre, mojarron"
"902","Calamus","proridens","Tigre,","pluma","Calamus proridens","Tigre, pluma"
"903","Calamus","spp","Plumas,","mojarrones,","Calamus spp","Plumas, mojarrones,"
"904","Caranx","hippos","Jurel","amarillo,","Caranx hippos","Jurel amarillo,"
"905","Caranx","latus","Jurel","blanco,","Caranx latus","Jurel blanco,"
"906","Cephalopholis","fulva","Cabrilla","roja","Cephalopholis fulva","Cabrilla roja"
"907","Dasyatis","americana","Raya","grande","Dasyatis americana","Raya grande"
"908","Epinephelus","adscensionis","Cabrilla,","payaso","Epinephelus adscensionis","Cabrilla, payaso"
"909","Mycteroperca","venenosa","Mero","Epinephelus","Mycteroperca venenosa","Mero Epinephelus"
"910","Lairon","Ophycthus",NA,NA,"Lairon Ophycthus","NA NA"
"911","Pomacanthus","arcuatus",NA,NA,"Pomacanthus arcuatus","NA NA"
"912","Pomacanthus","paru",NA,NA,"Pomacanthus paru","NA NA"
"913","Priacanthus","arenatus",NA,NA,"Priacanthus arenatus","NA NA"
"914","Prionotus","evolans",NA,NA,"Prionotus evolans","NA NA"
"915","Prionotus","punctatus",NA,NA,"Prionotus punctatus","NA NA"
"916","Rachycentrum","canadum",NA,NA,"Rachycentrum canadum","NA NA"
"917","Epinephelus","nigritus","Fiat",NA,"Epinephelus nigritus","Fiat NA"
"918","Epinephelus","niveatus","Cherna","pinta","Epinephelus niveatus","Cherna pinta"
"919","Euthynnus","alletteratus","Bonito",NA,"Euthynnus alletteratus","Bonito NA"
"920","Haemulon","aurolineatum","Ronco","jeniguaro","Haemulon aurolineatum","Ronco jeniguaro"
"921","Haemulon","bonariensis","Ronco","prieto","Haemulon bonariensis","Ronco prieto"
"922","Haemulon","chrysargyreum","Ronco","boquichica","Haemulon chrysargyreum","Ronco boquichica"
"923","Haemulon","flavolineatum","Ronco","condenado","Haemulon flavolineatum","Ronco condenado"
"924","Caranx","latus","Jurel","blanco","Caranx latus","Jurel blanco"
"925","Caranx","hippos","Jurel","amarillo,","Caranx hippos","Jurel amarillo,"
"926","Caranx","chrysos","Cojinuda,","cojinua","Caranx chrysos","Cojinuda, cojinua"
"927","Alectis","ciliaris","Pampano","de hebra","Alectis ciliaris","Pampano de hebra"
"928","Archosargus","probatocephalus","Sargo",NA,"Archosargus probatocephalus","Sargo NA"
"929","Archosargus","rhomboidalis","Postha",NA,"Archosargus rhomboidalis","Postha NA"
"930","Arius","felis","Bagre","o","Arius felis","Bagre o"
"931","Brotula","barbata","Lengua,","brotula,","Brotula barbata","Lengua, brotula,"
"932","Calamus","bajonado","Pluma,","mojarron","Calamus bajonado","Pluma, mojarron"
"933","Carcharhinus","brevipinna","Tiburon","aleta","Carcharhinus brevipinna","Tiburon aleta"
"934","Carcharhinus","falciformis","Tiburon","prieto","Carcharhinus falciformis","Tiburon prieto"
"935","Carcharhinus","limbatus","Tiburon","puntas","Carcharhinus limbatus","Tiburon puntas"
"936","Mugil","cephalus",NA,NA,"Mugil cephalus","NA NA"
"937","Ocyurus","chrysurus",NA,NA,"Ocyurus chrysurus","NA NA"
"938","Pogonias","cromis",NA,NA,"Pogonias cromis","NA NA"
"939","Priacanthus","arenatus",NA,NA,"Priacanthus arenatus","NA NA"
"940","Rachycentrum","canadun",NA,NA,"Rachycentrum canadun","NA NA"
"941","Raja","texana",NA,NA,"Raja texana","NA NA"
"942","Rhizoprionodon","terraenovae",NA,NA,"Rhizoprionodon terraenovae","NA NA"
"943","Sciaenops","ocellatus",NA,NA,"Sciaenops ocellatus","NA NA"
"944","Scomberomorus","maculatus",NA,NA,"Scomberomorus maculatus","NA NA"
"945","Seriola","dumerili",NA,NA,"Seriola dumerili","NA NA"
"946","Trachinotus","carolinus",NA,NA,"Trachinotus carolinus","NA NA"
"947","Trachinotus","falcatus",NA,NA,"Trachinotus falcatus","NA NA"
"948","Trichiurus","lepturus",NA,NA,"Trichiurus lepturus","NA NA"
"949","Carcharhinus","leucas","Tiburon","toro,","Carcharhinus leucas","Tiburon toro,"
"950","Conodon","nobilis","Ronco","amarillo,","Conodon nobilis","Ronco amarillo,"
"951","Cynoscion","arenarius","Trucha","blanca,","Cynoscion arenarius","Trucha blanca,"
"952","Cynoscion","nebulosus","Trucha","pinta,","Cynoscion nebulosus","Trucha pinta,"
"953","Dasyatis","americana","Raya,","latigo","Dasyatis americana","Raya, latigo"
"954","Elops","saurus","Macabi,","machete","Elops saurus","Macabi, machete"
"955","alleteratus","Cazon","Bonito","Euthynus","alleteratus Cazon","Bonito Euthynus"
"956","Haemulon","plumieri","Boquilla,","chac-chi","Haemulon plumieri","Boquilla, chac-chi"
"957","Lagocephalus","laevigatus","Conejo","blanco,","Lagocephalus laevigatus","Conejo blanco,"
"958","Lutjanus","analis","Cubera,","pargo","Lutjanus analis","Cubera, pargo"
"959","Lutjanus","campechanus","Huachinango","de","Lutjanus campechanus","Huachinango de"
"960","Lutjanus","cyanopterus","Cubera",NA,"Lutjanus cyanopterus","Cubera NA"
"961","Lutjanus","griseus","Pargo","mulato,","Lutjanus griseus","Pargo mulato,"
"962","Lutjanus","jocu","Pargo","perro,","Lutjanus jocu","Pargo perro,"
"963","Lutjanus","synagris","Villajaiba,","rubia","Lutjanus synagris","Villajaiba, rubia"
"964","Mycteroperca","microlepis","Abadejo,","negrillo","Mycteroperca microlepis","Abadejo, negrillo"
"965","Mycteroperca","venenosa","Mero","aceitero,","Mycteroperca venenosa","Mero aceitero,"
"966","Mugil","cephalus","Lisa",NA,"Mugil cephalus","Lisa NA"
"967","Mugil","curema","Lebrancha",NA,"Mugil curema","Lebrancha NA"
"968","Cynoscion","nebulosus","Trucha","pinta","Cynoscion nebulosus","Trucha pinta"
"969","Cynoscion","arenarius","Trucha","blanca","Cynoscion arenarius","Trucha blanca"
"970","Sciaenops","ocellata","Corvina","ocelada","Sciaenops ocellata","Corvina ocelada"
"971","Leiostomus","xanthurus","Croca",NA,"Leiostomus xanthurus","Croca NA"
"972","Micropogonias","undulatus","Gurrubata",NA,"Micropogonias undulatus","Gurrubata NA"
"973","Pogonias","cromis","Tambor","negro","Pogonias cromis","Tambor negro"
"974","Archosargus","probatocephalus","Sargo,","chopa","Archosargus probatocephalus","Sargo, chopa"
"975","Diapterus","auratus","Mojarra","blanca","Diapterus auratus","Mojarra blanca"
"976","Eugerres","plumieri","Mojarra","rayada","Eugerres plumieri","Mojarra rayada"
"977","Eucinostomus","argenteus","Mojarra","plateada","Eucinostomus argenteus","Mojarra plateada"
"978","Conodon","nobilis","Ronco,","canario","Conodon nobilis","Ronco, canario"
"979","Centropomus","undecimalis","Robalo","blanco","Centropomus undecimalis","Robalo blanco"
"980","Centropomus","parallelus","Chucumite",NA,"Centropomus parallelus","Chucumite NA"
"981","Eleotris","pisonis","Guabina","de","Eleotris pisonis","Guabina de"
"982","Menticirrhus","americanus","Raton","del","Menticirrhus americanus","Raton del"
"983","Epinephelus","morio","Mero,","cherna","Epinephelus morio","Mero, cherna"
"984","Mycteroperca","bonaci","Negrillo",NA,"Mycteroperca bonaci","Negrillo NA"
"985","Mycteroperca","microlepis","Abadejo",NA,"Mycteroperca microlepis","Abadejo NA"
"986","Epinephelus","flavolimbatus","Mero","extraviado","Epinephelus flavolimbatus","Mero extraviado"
"987","Mycteroperca","venenosa","Guacamayo,","arigua","Mycteroperca venenosa","Guacamayo, arigua"
"988","Epinephelus","drummondhayi","Lenteja,","abadejo","Epinephelus drummondhayi","Lenteja, abadejo"
"989","Epinephelus","nigritus","Mero","negro,","Epinephelus nigritus","Mero negro,"
"990","Epinephelus","striatus","Mero","del","Epinephelus striatus","Mero del"
"991","Epinephelus","guttatus","Payaso","rojo,","Epinephelus guttatus","Payaso rojo,"
"992","Epinephelus","niveatus","Cherna","pinta","Epinephelus niveatus","Cherna pinta"
"993","Cephalopholis","fulva","Cabrilla","roja","Cephalopholis fulva","Cabrilla roja"
"994","Epinephelus","itajara","Cherna",NA,"Epinephelus itajara","Cherna NA"
"995","Mycteroperca","interstitialis","Gallina,","mero","Mycteroperca interstitialis","Gallina, mero"
"996","Mycteroperca","phenax","Cabrilla,","negrillo,","Mycteroperca phenax","Cabrilla, negrillo,"
"997","Epinephelus","adscensionis","Cabrilla,","payaso","Epinephelus adscensionis","Cabrilla, payaso"
"998","Calamus","bajonado","Mojarron",NA,"Calamus bajonado","Mojarron NA"
"999","Calamus","calamus","Cachipluma",NA,"Calamus calamus","Cachipluma NA"
"1000","Calamus","nodosus","Mojarra,","pluma,","Calamus nodosus","Mojarra, pluma,"
"1001","cruentata","Pargo","Cabrilla","Cephalopholis","cruentata Pargo","Cabrilla Cephalopholis"
"1002","Haemulon","plumieri","Boquilla,","chac-chi","Haemulon plumieri","Boquilla, chac-chi"
"1003","Lachnolaimus","maximus","Boquinete",NA,"Lachnolaimus maximus","Boquinete NA"
"1004","Lopholatilus","Rubia,","Corvinato",NA,"Lopholatilus Rubia,","Corvinato NA"
"1005","Rhomboplites","aurorubens","chamaeleonticeps","Besugo","Rhomboplites aurorubens","chamaeleonticeps Besugo"
"1006","Lutjanus","analis","Pargo","criollo,","Lutjanus analis","Pargo criollo,"
"1007","Lutjanus","griseus",NA,NA,"Lutjanus griseus","NA NA"
"1008","Lutjanus","jocu",NA,NA,"Lutjanus jocu","NA NA"
"1009","Lutjanus","synagris",NA,NA,"Lutjanus synagris","NA NA"
"1010","Lutjanus","vivanus",NA,NA,"Lutjanus vivanus","NA NA"
"1011","Ocyurus","chrysurus",NA,NA,"Ocyurus chrysurus","NA NA"
"1012","Seriola","zonata",NA,NA,"Seriola zonata","NA NA"
"1013","Lutjanus","campechanus",NA,NA,"Lutjanus campechanus","NA NA"
"1014","Lutjanus","buccanella","Huachinango","aleta","Lutjanus buccanella","Huachinango aleta"
"1015","Dasyatis","americana","Raya","latigo","Dasyatis americana","Raya latigo"
"1016","Dasyatis","sabina","Raya","o","Dasyatis sabina","Raya o"
"1017","Aetobatus","narinari","Chucho","o","Aetobatus narinari","Chucho o"
"1018","Gymnura","micrura","Raya","mariposa","Gymnura micrura","Raya mariposa"
"1019","Rhinoptera","bonasus","Manta","cubanita","Rhinoptera bonasus","Manta cubanita"
"1020","Bagre","marinus","Bandera",NA,"Bagre marinus","Bandera NA"
"1021","Carcharhinus","leucas","Tiburon","chato","Carcharhinus leucas","Tiburon chato"
"1022","Carcharhinus","falciformis","Tiburon","sedoso","Carcharhinus falciformis","Tiburon sedoso"
"1023","Carcharhinus","porosus","Tiburon","poroso","Carcharhinus porosus","Tiburon poroso"
"1024","Galeocerdo","cuvieri","Tiburon","tintorera","Galeocerdo cuvieri","Tiburon tintorera"
"1025","Lutjanus","campechanus","Huachinango",NA,"Lutjanus campechanus","Huachinango NA"
"1026","Ocyurus","chrysurus","Rubia",NA,"Ocyurus chrysurus","Rubia NA"
"1027","Rachycentron","canadum","Esmedregal",NA,"Rachycentron canadum","Esmedregal NA"
"1028","Raja","texana","Raya",NA,"Raja texana","Raya NA"
"1029","Rhinobatos","lentiginosus","Guitarra",NA,"Rhinobatos lentiginosus","Guitarra NA"
"1030","Rhizoprionodon","terranovae","Cazon",NA,"Rhizoprionodon terranovae","Cazon NA"
"1031","Sphyrna","lewini","Tiburon","martillo","Sphyrna lewini","Tiburon martillo"
"1032","Sphyrna","tiburo","Tiburon","martillo","Sphyrna tiburo","Tiburon martillo"
"1033","Squalus","cubensis","Cazon","bagre","Squalus cubensis","Cazon bagre"
"1034","Octopus","maya","Poulpo","rojo","Octopus maya","Poulpo rojo"
"1035","Octopus","vulgaris","Pulpo","paton","Octopus vulgaris","Pulpo paton"
"1036","Megalops","atlanticus","Sabalo,","plateado,","Megalops atlanticus","Sabalo, plateado,"
"1037","Caranx","hippos","Jurel",NA,"Caranx hippos","Jurel NA"
"1038","Coriphaena","hippurus","Dorado",NA,"Coriphaena hippurus","Dorado NA"
"1039","Euthynnus","alletteratus","Bonito",NA,"Euthynnus alletteratus","Bonito NA"
"1040","Rachycentron","canadum","Cobia,","bacalao","Rachycentron canadum","Cobia, bacalao"
"1041","Scomberomorus","cavalla","Peto",NA,"Scomberomorus cavalla","Peto NA"
"1042","Seriola","sp.","Medregal",NA,"Seriola sp.","Medregal NA"
"1043","Sphyraena","barracuda","Barracuda",NA,"Sphyraena barracuda","Barracuda NA"
"1044","Thunnus","spp.","Atunes",NA,"Thunnus spp.","Atunes NA"
"1045","Rhizoprionodon","terraenovae","Cazon","de","Rhizoprionodon terraenovae","Cazon de"
"1046","Sphyrna","tiburo","Cazon","cabeza","Sphyrna tiburo","Cazon cabeza"
"1047","Carcharhinus","limbatus","Tiburon","puntas","Carcharhinus limbatus","Tiburon puntas"
"1048","Carcharhinus","acronotus","Cazon","canguay,","Carcharhinus acronotus","Cazon canguay,"
"1049","Sphyrna","lewini","Cornuda",NA,"Sphyrna lewini","Cornuda NA"
"1050","Carcharhinus","leucas","Tiburon","chato,","Carcharhinus leucas","Tiburon chato,"
"1051","Carcharhinus","falciformis","Tiburon","prieto,","Carcharhinus falciformis","Tiburon prieto,"
"1052","Carcharhinus","porosus","Cazon","poroso,","Carcharhinus porosus","Cazon poroso,"
"1053","Carcharhinus","brevipinna","Tiburon","punta","Carcharhinus brevipinna","Tiburon punta"
"1054","Caranx","hippos","Jureles",NA,"Caranx hippos","Jureles NA"
"1055","Scomberomorus","cavalla","Peto",NA,"Scomberomorus cavalla","Peto NA"
"1056","Rachycentron","canadum","Bacalao",NA,"Rachycentron canadum","Bacalao NA"
"1057","Seriola","spp","Esmedregal",NA,"Seriola spp","Esmedregal NA"
"1058","Ephinephelus","spp","Meros",NA,"Ephinephelus spp","Meros NA"
"1059","Lutjanus","spp","Pargos,","cuberas","Lutjanus spp","Pargos, cuberas"
"1060","Thunnus","albacares","Atun","aleta","Thunnus albacares","Atun aleta"
"1061","Acanthocybium","solandri","Peto,","wahoo","Acanthocybium solandri","Peto, wahoo"
"1062","Alopias","spp.","Tiburon","zorro","Alopias spp.","Tiburon zorro"
"1063","Alepisaurus","spp.","Lanceta",NA,"Alepisaurus spp.","Lanceta NA"
"1064","Carcharhinus","limbatus","Tiburon","puntas","Carcharhinus limbatus","Tiburon puntas"
"1065","Carcharhinus","falciformis","Tiburon","aleta","Carcharhinus falciformis","Tiburon aleta"
"1066","Carcharhinus","longimanus","Tiburon","puntas","Carcharhinus longimanus","Tiburon puntas"
"1067","Coryphaena","hippurus","Dorado",NA,"Coryphaena hippurus","Dorado NA"
"1068","Galeocerdo","cuvieri","Tintorera,","tigre","Galeocerdo cuvieri","Tintorera, tigre"
"1069","Istiophorus","albicans","Pez","vela","Istiophorus albicans","Pez vela"
"1070","Isurus","oxyrinchus","Tiburon","mako,","Isurus oxyrinchus","Tiburon mako,"
"1071","Katsuwonus","pelamis","Barrilete,","listado","Katsuwonus pelamis","Barrilete, listado"
"1072","Makaira","nigricans","Marlin","azul","Makaira nigricans","Marlin azul"
"1073","Ruvettus","pretiosus","Aceitoso",NA,"Ruvettus pretiosus","Aceitoso NA"
"1074","Sphyrna","spp","Tiburon","martillo,","Sphyrna spp","Tiburon martillo,"
"1075","Tetrapturus","albidus","Marlin","blanco","Tetrapturus albidus","Marlin blanco"
"1076","Tetrapturus","pfluegeri","Marlin","aguja","Tetrapturus pfluegeri","Marlin aguja"
"1077","Thunnus","atlanticus","Atun","aleta","Thunnus atlanticus","Atun aleta"
"1078","Thunnus","obesus","Patudo",NA,"Thunnus obesus","Patudo NA"
"1079","Thunnus","thynnus","Atun","aleta","Thunnus thynnus","Atun aleta"
"1080","Xiphias","gladius","Pez","espada","Xiphias gladius","Pez espada"
